Date,Return
12/10/2012,3.38488226956369E-4
12/07/2012,0.0029138229781816125
12/06/2012,0.0031998751268243124
12/05/2012,0.001584876159340477
12/04/2012,-0.001709874703787324
12/03/2012,-0.004857590691500545
11/30/2012,1.624351142342725E-4
11/29/2012,0.004248347470850243
11/28/2012,0.007978438199275135
11/27/2012,-0.005226518001265677
11/26/2012,-0.0020295923074194564
11/23/2012,0.013026318627204388
11/21/2012,0.00233464717284316
11/20/2012,7.138633708772653E-4
11/19/2012,0.019862046651175094
11/16/2012,0.00481763906129944
11/15/2012,-0.0015345910093625948
11/14/2012,-0.013930920095443236
11/13/2012,-0.003985420606798403
11/12/2012,1.2320090443963358E-4
11/09/2012,0.0016696308663932014
11/08/2012,-0.012204828867073482
11/07/2012,-0.023622984449718897
11/06/2012,0.00785318149104618
11/05/2012,0.002291339585012948
11/02/2012,-0.009379443677806564
11/01/2012,0.011764789261440485
10/31/2012,8.292050262582107E-4
10/26/2012,-7.289609828941681E-4
10/25/2012,0.0022912026331096645
10/24/2012,-0.0031488819699972016
10/23/2012,-0.014388940812141747
10/22/2012,4.256180182945276E-4
10/19/2012,-0.01657128741405565
10/18/2012,-0.0024641669062385424
10/17/2012,0.004600404340471218
10/16/2012,0.010143649630982307
10/15/2012,0.00796500437445327
10/12/2012,-0.0029661371820998857
10/11/2012,1.3958487458286324E-5
10/10/2012,-0.006188084468740512
10/09/2012,-0.00990452640978094
10/08/2012,-0.003456702237615734
10/05/2012,-3.216094156288677E-4
10/04/2012,0.007111944207073465
10/03/2012,0.003416202759240728
10/02/2012,5.259551969217717E-4
10/01/2012,0.0024914983690748267
09/28/2012,-0.004464008071147745
09/27/2012,0.009620751241837495
09/26/2012,-0.005743618201997762
09/25/2012,-0.010535780471399053
09/24/2012,-0.001966076615333953
09/21/2012,-1.3010668748361835E-4
09/20/2012,-5.407070257691137E-4
09/19/2012,0.0010620075368276496
09/18/2012,-0.0012797788104217235
09/17/2012,-0.0028865444718920294
09/14/2012,0.00390392241467878
09/13/2012,0.01630979562287692
09/12/2012,0.0020926923184240633
09/11/2012,0.0030997879828985717
09/10/2012,-0.006147768999666285
09/07/2012,0.004049939949166398
09/06/2012,0.020217419180189978
09/05/2012,-0.0010676612524378264
09/04/2012,-0.0011375431910929721
08/31/2012,0.004649767511624412
08/30/2012,-0.007517303982752688
08/29/2012,8.301876082082656E-4
08/28/2012,-8.082584158135759E-4
08/27/2012,-4.889698326873177E-4
08/24/2012,0.006519304702601374
08/23/2012,-0.008072218409751808
08/22/2012,2.8306760362049904E-4
08/21/2012,-0.003497563693032399
08/20/2012,1.9748210318454006E-4
08/17/2012,0.001638603232003732
08/16/2012,0.007071864083610247
08/15/2012,0.0011681826923760925
08/14/2012,-3.0618929619174307E-4
08/13/2012,-0.0012518938450923564
08/10/2012,0.0023456772519214334
08/09/2012,3.8509263617300904E-4
08/08/2012,7.065221269884381E-4
08/07/2012,0.004940980738063388
08/06/2012,0.0022932482171613
08/03/2012,0.018704456406312908
08/02/2012,-0.0073665762509727145
08/01/2012,-0.003030478786648375
07/31/2012,-0.004295191551105594
07/30/2012,-4.6178045225630257E-4
07/27/2012,0.019058122863130085
07/26/2012,0.016328269203464363
07/25/2012,-3.4370680315299365E-4
07/24/2012,-0.009040961999822317
07/23/2012,-0.00867624821997441
07/20/2012,-0.010061677721193388
07/19/2012,0.002549143851829193
07/18/2012,0.006746945540415704
07/17/2012,0.007379882985639153
07/16/2012,-0.0021083671212678953
07/13/2012,0.016459271356972175
07/12/2012,-0.004868447539309153
07/11/2012,3.727448933946215E-5
07/10/2012,-0.00849249053926207
07/09/2012,-0.0016240237402743458
07/06/2012,-0.00907767593940403
07/05/2012,-0.0044696153510177476
07/03/2012,0.006055280981145877
07/02/2012,0.0023342361982779973
06/29/2012,0.02408805220581616
06/28/2012,-0.0018625330449411337
06/27/2012,0.008434857008730055
06/26/2012,0.00448979902442001
06/25/2012,-0.015866357030489223
06/22/2012,0.006863159164957093
06/21/2012,-0.0220741757228334
06/20/2012,-0.0017304350387322238
06/19/2012,0.009778187577612108
06/18/2012,0.0017580190998345523
06/15/2012,0.010269412198406446
06/14/2012,0.01081467510343134
06/13/2012,-0.006903218984607387
06/12/2012,0.011287612647013877
06/11/2012,-0.012664816099930577
06/08/2012,0.008114130145476448
06/07/2012,-8.813585077689335E-4
06/06/2012,0.022961862462177653
06/05/2012,0.006010236183500073
06/04/2012,-8.605246070915047E-5
06/01/2012,-0.024300121386091698
05/31/2012,-0.002101912283240289
05/30/2012,-0.013468544600939015
05/29/2012,0.010250966714686467
05/25/2012,-0.002263762388231471
05/24/2012,0.0014862897355011194
05/23/2012,0.0021580219145605067
05/22/2012,4.1030628604441264E-4
05/21/2012,0.015635973543871015
05/18/2012,-0.0075322784567640536
05/17/2012,-0.01506619767213662
05/16/2012,-0.004493605254061541
05/15/2012,-0.0057533100212198655
05/14/2012,-0.010044898774344939
05/11/2012,-0.0034754180441936224
05/10/2012,0.002517385462652691
05/09/2012,-0.0063233568075118235
05/08/2012,-0.003973239066288859
05/07/2012,5.771520832267649E-4
05/04/2012,-0.016104807008214157
05/03/2012,-0.0076658679901876895
05/02/2012,-0.002269654927072255
05/01/2012,0.00569441861130588
04/30/2012,-0.0038125507746247377
04/27/2012,0.0022639784600660233
04/26/2012,0.006716332048553124
04/25/2012,0.013541188388686152
04/24/2012,0.0036577247488971958
04/23/2012,-0.00840750654682881
04/20/2012,0.0011401928886822683
04/19/2012,-0.005891356455944678
04/18/2012,-0.0040552783330216665
04/17/2012,0.015486612586432266
04/16/2012,-5.108482269917939E-4
04/13/2012,-0.012503513234986711
04/12/2012,0.013734959123884914
04/11/2012,0.007159781600906576
04/10/2012,-0.01706724160384331
04/09/2012,-0.010912733908189916
04/05/2012,-5.075815526276541E-4
04/04/2012,-0.009999363097891772
04/03/2012,-0.0039464967793766716
04/02/2012,0.007504597187018493
03/30/2012,0.0036770207580649195
03/29/2012,-0.0015013626110902505
03/28/2012,-0.00494152295188742
03/27/2012,-0.0028449401715435196
03/26/2012,0.013885807130433603
03/23/2012,0.003108890133402208
03/22/2012,-0.0072065521886962814
03/21/2012,-0.0018711935796003486
03/20/2012,-0.002887364410927955
03/19/2012,0.003973877806818211
03/16/2012,0.0011550390360415802
03/15/2012,0.006046608376309801
03/14/2012,-0.0011963179196963162
03/13/2012,0.01751559857717649
03/12/2012,2.261486161163319E-4
03/09/2012,0.0035871944479013915
03/08/2012,0.009802979336857273
03/07/2012,0.0068781217665756095
03/06/2012,-0.014864736035434985
03/05/2012,-0.0038405654246891343
03/02/2012,-0.0032457844828212195
03/01/2012,0.005996046562705781
02/29/2012,-0.004751493951319036
02/28/2012,0.003378279563602415
02/27/2012,0.00175065924406671
02/24/2012,0.0016722162733046606
02/23/2012,0.0043682275898139
02/22/2012,-0.003266990184346212
02/21/2012,7.272887556750629E-4
02/17/2012,0.002334212037759799
02/16/2012,0.011492540648438538
02/15/2012,-0.005397920800876673
02/14/2012,-5.920224968548469E-4
02/13/2012,0.006485190535046861
02/10/2012,-0.0063424634216738595
02/09/2012,0.0014666992599835687
02/08/2012,0.002167715880745986
02/07/2012,0.002023312728273584
02/06/2012,7.438705070214611E-6
02/03/2012,0.014092790734499101
02/02/2012,9.81695160997972E-4
02/01/2012,0.008868909291782447
01/31/2012,-8.526641949554946E-4
01/30/2012,-0.0023933260393873773
01/27/2012,-0.0014564763891523405
01/26/2012,-0.0059188105075850565
01/25/2012,0.008863359707851386
01/24/2012,-9.954709869600484E-4
01/23/2012,5.398049099438423E-4
01/20/2012,6.770686730215521E-4
01/19/2012,0.004915639071303573
01/18/2012,0.011123565106481562
01/17/2012,0.002673962580025147
01/13/2012,-0.0044253255278726145
01/12/2012,0.0023365932161425957
01/11/2012,3.560316403771121E-4
01/10/2012,0.008830625326951714
01/09/2012,0.002245995163676012
01/06/2012,-0.0024357302897114737
01/05/2012,0.002943709386988171
01/04/2012,2.1142807921503944E-4
01/03/2012,0.014457525062358043
12/09/2013,0.0011958742338929883
12/06/2013,0.00935493972130892
12/05/2013,-0.004345109938532571
12/04/2013,-1.896104620361629E-4
12/03/2013,-0.0027498472307093042
12/02/2013,-0.0031275082339264695
11/29/2013,-0.001592312668284841
11/27/2013,0.0020793133275667044
11/26/2013,-6.656053958404703E-5
11/25/2013,-0.00213139348845444
11/22/2013,0.00420095592612992
11/21/2013,0.006913295056965959
11/20/2013,-0.004593230851759357
11/19/2013,-0.001630565281244631
11/18/2013,-0.004052656741641723
11/15/2013,0.004199568874046431
11/14/2013,0.004414528116673617
11/13/2013,0.009992235188764324
11/12/2013,-0.0010285333227842376
11/11/2013,0.0010904201224886797
11/08/2013,0.012720419590818884
11/07/2013,-0.013322113918474716
11/06/2013,0.0031104815864022714
11/05/2013,-0.0015291645664252354
11/04/2013,0.002568900986730165
11/01/2013,0.0016716893159720557
10/31/2013,-0.0037998230530160645
10/30/2013,-0.005055663076167873
10/29/2013,0.005116482219940656
10/28/2013,0.0015289129372178486
10/25/2013,0.002141217874613465
10/24/2013,0.0026266395037424853
10/23/2013,-0.0033613541292151737
10/22/2013,0.0046894324584307034
10/21/2013,-3.094201237680287E-4
10/18/2013,0.004479708876502817
10/17/2013,0.0075457658254707485
10/16/2013,0.012378784938458887
10/15/2013,-0.0065002311063265365
10/14/2013,0.006047556857623687
10/11/2013,0.007161061800377347
10/10/2013,0.019074225711670823
10/09/2013,-3.560673268999319E-4
10/08/2013,-0.012390974931691534
10/07/2013,-0.006537652253800906
10/04/2013,0.006975261944614893
10/03/2013,-0.008089343220964829
10/02/2013,0.0011643714167502805
10/01/2013,0.007483312628907292
09/30/2013,-0.003384185010016261
09/27/2013,-0.002223506652826261
09/26/2013,0.002727192231634319
09/25/2013,-0.0030918363741298687
09/24/2013,-0.0030424057324091604
09/23/2013,-0.005609311457018731
09/20/2013,-0.007274563990617945
09/19/2013,-0.00289462410411384
09/18/2013,0.011596140091690394
09/17/2013,0.004140823334688067
09/16/2013,0.0034876160075662725
09/13/2013,0.0017507002801120718
09/12/2013,-0.0034276377715026334
09/11/2013,0.0048124970256508744
09/10/2013,0.005775479000430069
09/09/2013,0.008968826387421993
09/06/2013,-0.0013695820059851226
09/05/2013,0.00108874479821927
09/04/2013,0.007533278073041043
09/03/2013,0.002335034689324207
08/30/2013,-0.003612200940880762
08/29/2013,0.002858891949801085
08/28/2013,0.0028891274344425926
08/27/2013,-0.013349147373134657
08/26/2013,-0.004512434731927723
08/23/2013,0.002156730444840671
08/22/2013,0.007252147377251518
08/21/2013,-0.004761731670968054
08/20/2013,0.003364079644889188
08/19/2013,-0.005552031415194112
08/16/2013,-0.0032446033637929354
08/15/2013,-0.010889432665916472
08/14/2013,-0.0050121614282003495
08/13/2013,0.002076124567474043
08/12/2013,6.515159591796445E-4
08/09/2013,-0.002759271269382605
08/08/2013,0.002438952372516083
08/07/2013,-0.002589512180734898
08/06/2013,-0.004936129300793224
08/05/2013,-5.093646992698467E-4
08/02/2013,0.002092491647617469
08/01/2013,0.010328988646991166
07/31/2013,-0.0012027776461108052
07/30/2013,-0.0011611924735769683
07/29/2013,-0.0029521037436698433
07/26/2013,0.002572141455926976
07/25/2013,0.002990725191519136
07/24/2013,-0.0059667700435125474
07/23/2013,-0.00249907168917207
07/22/2013,6.60997043218519E-4
07/19/2013,0.0035228182546035804
07/18/2013,0.004949287647601164
07/17/2013,0.0017879385664308573
07/16/2013,-0.003827182504308584
07/15/2013,0.0017325656856733381
07/12/2013,0.0029428267850960827
07/11/2013,0.010625011312831405
07/10/2013,6.418174332146246E-4
07/09/2013,0.005739885202295854
07/08/2013,0.003830620487088478
07/05/2013,0.00817965588607791
07/03/2013,0.002438751954724889
07/02/2013,-1.300881502084733E-4
07/01/2013,0.003217831007963861
06/28/2013,-0.0030041213565717754
06/27/2013,0.004208062548243315
06/26/2013,0.006902095750092641
06/25/2013,0.006662356103250666
06/24/2013,-0.009869269938380046
06/21/2013,0.0023983079654040446
06/20/2013,-0.022423705235685785
06/19/2013,-0.013863412094464844
06/18/2013,0.007342493154527747
06/17/2013,0.005151351616543114
06/14/2013,-0.005374437487771451
06/13/2013,0.015017213038488854
06/12/2013,-0.01068750996969218
06/11/2013,-0.007634379729531801
06/10/2013,-0.0011309259608311255
06/07/2013,0.01114276397152481
06/06/2013,0.00824587240335799
06/05/2013,-0.012369172216936168
06/04/2013,-0.0056986829033417495
06/03/2013,0.0053379583381851165
05/31/2013,-0.012946923062955154
05/30/2013,0.003195604981990602
05/29/2013,-0.0049560235909137775
05/28/2013,0.004495864168022991
05/24/2013,0.0017793486248002552
05/23/2013,-6.72067424710224E-4
05/22/2013,-0.00841025763901796
05/21/2013,0.0017764974192774194
05/20/2013,3.481998667234556E-4
05/17/2013,0.00908953372265423
05/16/2013,-0.004583642427641721
05/15/2013,0.005851570221874481
05/14/2013,0.010154552410099413
05/13/2013,0.0010232216163225739
05/10/2013,0.0043093644148547
05/09/2013,-0.003687166577856165
05/08/2013,0.0041452689197084835
05/07/2013,0.005199221044171792
05/06/2013,0.0019202180376609941
05/03/2013,0.01052829243865809
05/02/2013,0.00936333137474171
05/01/2013,-0.009295483709430008
04/30/2013,0.0025037964833896065
04/29/2013,0.00712236308252334
04/26/2013,-0.0018420853415428554
04/25/2013,0.003945710069477442
04/24/2013,6.3340047378297835E-6
04/23/2013,0.010419199999999983
04/22/2013,0.004661629963028452
04/19/2013,0.00884789278741063
04/18/2013,-0.006713787748948199
04/17/2013,-0.014327721219126458
04/16/2013,0.014307248318688988
04/15/2013,-0.022960147025502895
04/12/2013,-0.002792945459110052
04/11/2013,0.003552241250086521
04/10/2013,0.012189135604133672
04/09/2013,0.0035186263282814393
04/08/2013,0.006315748812175647
04/05/2013,-0.0042949268580366705
04/04/2013,0.004048426648816664
04/03/2013,-0.010546091386721825
04/02/2013,0.005172292388152331
04/01/2013,-0.00446730139308428
03/28/2013,0.004050266818525111
03/27/2013,-5.75539568345382E-4
03/26/2013,0.007785060160212367
03/25/2013,-0.003339991906942716
03/22/2013,0.0071091273691700685
03/21/2013,-0.008282490007762882
03/20/2013,0.006697495382151284
03/19/2013,-0.0024225243218864707
03/18/2013,-0.005510347920804855
03/15/2013,-0.0016056703833777872
03/14/2013,0.005603015721894885
03/13/2013,0.0013140265897144978
03/12/2013,-0.0024032591792934217
03/11/2013,0.0032685426941301203
03/08/2013,0.004481110693795133
03/07/2013,0.0018164597200056793
03/06/2013,0.0010845634794355548
03/05/2013,0.00956595856281138
03/04/2013,0.004610723224871559
03/01/2013,0.002323923204901353
02/28/2013,-8.641217949986118E-4
02/27/2013,0.012725960960359101
02/26/2013,0.006109486843431895
02/25/2013,-0.018309580364212194
02/22/2013,0.008772513677932825
02/21/2013,-0.0063031184893680165
02/20/2013,-0.01240414385932826
02/19/2013,0.007336539916699077
02/15/2013,-0.0010451037873510532
02/14/2013,6.906395322069432E-4
02/13/2013,5.923273859275278E-4
02/12/2013,0.0015952432745994245
02/11/2013,-6.060885548082407E-4
02/08/2013,0.00565791478676814
02/07/2013,-0.001805412268867412
02/06/2013,5.491996903307289E-4
02/05/2013,0.01041645773579098
02/04/2013,-0.011538690299173282
02/01/2013,0.010052666359613228
01/31/2013,-0.002563317265439916
01/30/2013,-0.003899617996604336
01/29/2013,0.005106053940193746
01/28/2013,-0.0018496832916378165
01/25/2013,0.005445471695588833
01/24/2013,6.689813421097601E-6
01/23/2013,0.0015074770863482876
01/22/2013,0.004428054213381019
01/18/2013,0.003396468483068282
01/17/2013,0.005642965306967769
01/16/2013,2.0375866823346797E-4
01/15/2013,0.001135536864150248
01/14/2013,-9.306749091402405E-4
01/11/2013,-4.7550471428916355E-5
01/10/2013,0.007597431931116555
01/09/2013,0.002655869333973778
01/08/2013,-0.0032423780174979026
01/07/2013,-0.0031231460582213937
01/04/2013,0.004865113028224601
01/03/2013,-0.0020855841687067887
01/02/2013,0.02540334738008261
12/31/2012,0.01694202206170717
12/28/2012,-0.011049996474155452
12/27/2012,-0.00121845573061565
12/26/2012,-0.004787405548624167
12/24/2012,-0.0024403034646715443
12/21/2012,-0.009365021092077817
12/20/2012,0.005488191334508124
12/19/2012,-0.007589214744365125
12/18/2012,0.011408837654756783
12/17/2012,0.011899203418368025
12/14/2012,-0.004135404558103574
12/13/2012,-0.006321404569892454
12/12/2012,4.4822949350074246E-4
12/11/2012,0.006548940819851231
12/10/2012,3.38488226956369E-4
12/08/2014,-0.007002949625031424
12/05/2014,0.0012495296172288861
12/04/2014,-8.294593082694199E-4
12/03/2014,0.003327770925536342
12/02/2014,0.00622270263953617
12/01/2014,-0.005973530579248586
11/28/2014,-0.00347988702416654
11/26/2014,0.002645886541289277
11/25/2014,-0.0015071371639735723
11/24/2014,0.0021016236737736206
11/21/2014,0.002935658530420987
11/20/2014,0.0033628725187817943
11/19/2014,-0.0011895707794614047
11/18/2014,0.005055156063248312
11/17/2014,0.0014865401880988342
11/14/2014,3.9220684989227666E-5
11/13/2014,5.884631793679457E-5
11/12/2014,2.45368666421298E-4
11/11/2014,7.261308998135699E-4
11/10/2014,0.003075772264900271
11/07/2014,-2.1649707728937158E-4
11/06/2014,0.0038945698427839794
11/05/2014,0.004108589830743949
11/04/2014,-0.0018404512330031284
11/03/2014,-1.9819543060439247E-4
10/31/2014,0.008419948031181245
10/30/2014,0.007658538310372915
10/29/2014,-4.991705701133011E-4
10/28/2014,0.010645880639872847
10/27/2014,-6.826390622372824E-4
10/24/2014,0.006656111170891432
10/23/2014,0.010253648330933887
10/22/2014,-0.007304421286876285
10/21/2014,0.016706993893305606
10/20/2014,0.009752760365291045
10/17/2014,0.011716383096235157
10/16/2014,0.0036692798836175248
10/15/2014,-0.006237394487189093
10/14/2014,3.1431295981596474E-4
10/13/2014,-0.01622018733765386
10/10/2014,-0.010126555984275275
10/09/2014,-0.020059155960318764
10/08/2014,0.017225078143163517
10/07/2014,-0.013891436841354283
10/06/2014,-0.0026345043933787417
10/03/2014,0.010153378641972877
10/02/2014,1.747326333750356E-4
10/01/2014,-0.012823114068903935
09/30/2014,-0.002992604425212729
09/29/2014,-5.861664712778843E-4
09/26/2014,0.008457853139526544
09/25/2014,-0.015686019265816156
09/24/2014,0.007542831788800729
09/23/2014,-0.005023133511978237
09/22/2014,-0.007361578433910031
09/19/2014,-0.0011625942744715751
09/18/2014,0.004138647176583926
09/17/2014,0.001135397389086171
09/16/2014,0.008602725626031168
09/15/2014,-9.61712755030037E-4
09/12/2014,-0.0056091429029318015
09/11/2014,0.0023082520009032976
09/10/2014,0.003661216751072451
09/09/2014,-0.006142757893368902
09/08/2014,-0.002804944274774986
09/05/2014,0.004859859859859878
09/04/2014,-0.0020083230502530294
09/03/2014,-0.001422460907280459
09/02/2014,-8.931823738691581E-4
08/29/2014,0.0024619079786834023
08/28/2014,-3.4043916652484887E-4
08/27/2014,-2.0994331530490407E-4
08/26/2014,7.155044306236216E-4
08/25/2014,0.003102814624398799
08/22/2014,-0.0021077988557662445
08/21/2014,0.002793408562426367
08/20/2014,0.0030548458438948295
08/19/2014,0.004496307147962413
08/18/2014,0.006832247390673885
08/15/2014,-0.0019449989024284131
08/14/2014,0.003989914809927022
08/13/2014,0.005744988634015354
08/12/2014,-0.0010228699250412084
08/11/2014,0.0018050821596851238
08/08/2014,0.011118381448425687
08/07/2014,-0.0069993707846471645
08/06/2014,0.0015386300455330418
08/05/2014,-0.008330148630922195
08/04/2014,0.006420570740467824
08/01/2014,-0.0024095761218778443
07/31/2014,-0.01754073501124603
07/30/2014,-0.0015913156734458573
07/29/2014,-0.005090831957091523
07/28/2014,3.336282067484301E-4
07/25/2014,-0.0031542880177365673
07/24/2014,-4.527003576328708E-5
07/23/2014,8.512481615054775E-4
07/22/2014,0.003988560726849331
07/21/2014,-0.001669254854749513
07/18/2014,0.008503522742335137
07/17/2014,-0.010925621921959899
07/16/2014,0.0026412325752017745
07/15/2014,-0.0020633572035440827
07/14/2014,0.003675388098646609
07/11/2014,9.207634706169346E-4
07/10/2014,-0.001011862691758154
07/09/2014,0.003933642053839509
07/08/2014,-0.006415737784546604
07/07/2014,-0.0033111247744705406
07/03/2014,0.0048383505071157885
07/02/2014,7.906500562577648E-4
07/01/2014,0.005620983646657717
06/30/2014,-2.8559917176237406E-4
06/27/2014,0.002248844911477333
06/26/2014,-0.0013623213547699477
06/25/2014,0.005263508903333038
06/24/2014,-0.006111204554605835
06/23/2014,-1.5792798483900148E-4
06/20/2014,0.001234410466984542
06/19/2014,0.0010114942528735725
06/18/2014,0.007335038837100369
06/17/2014,0.002498515860929674
06/16/2014,0.0015195054888259777
06/13/2014,0.0027760513776673543
06/12/2014,-0.0068129775902436565
06/11/2014,-0.002811164632676091
06/10/2014,2.307290010972679E-4
06/09/2014,0.0011801105199156245
06/06/2014,0.0036192153046987877
06/05/2014,0.006191276211810121
06/04/2014,0.0025064220565141826
06/03/2014,6.084021902479227E-4
06/02/2014,5.71764204442159E-4
05/30/2014,0.001687210010779402
05/29/2014,0.0049356223175966
05/28/2014,-0.0010409201943748512
05/27/2014,0.005205019952576532
05/23/2014,0.003808125409333888
05/22/2014,0.0022773131941170935
05/21/2014,0.007841609104593963
05/20/2014,-0.00639297992445152
05/19/2014,0.004486694446516602
05/16/2014,0.0035645765528887208
05/15/2014,-0.009167655283450647
05/14/2014,-0.004533163251859459
05/13/2014,3.69052326347724E-4
05/12/2014,0.008840284463545858
05/09/2014,0.00171175350749494
05/08/2014,-9.374717027362407E-4
05/07/2014,0.005180542993690261
05/06/2014,-0.008478040441898628
05/05/2014,0.0027720875788129697
05/02/2014,-0.002206545377393441
05/01/2014,-3.76779753660355E-4
04/30/2014,0.003649246177614478
04/29/2014,0.004035749794203463
04/28/2014,0.002375335120643466
04/25/2014,-0.007626270157424928
04/24/2014,-0.001785363209828067
04/23/2014,-0.0020911819168634594
04/22/2014,0.0037274975034311234
04/21/2014,0.0032693925897341806
04/17/2014,0.001675860624258024
04/16/2014,0.008829854659508862
04/15/2014,0.006295558164296035
04/14/2014,0.006836506836506746
04/11/2014,-0.008171960778958313
04/10/2014,-0.020937039331723913
04/09/2014,0.010547111149494755
04/08/2014,0.0035112816177905034
04/07/2014,-0.010129190093995509
04/04/2014,-0.013310408676101088
04/03/2014,-0.0014063433486833146
04/02/2014,0.002273919888053276
04/01/2014,0.006168754936071178
03/31/2014,0.007089223089997545
03/28/2014,0.0040809266676395785
03/27/2014,-0.001657568934890442
03/26/2014,-0.007782163687877913
03/25/2014,0.0033019984081570507
03/24/2014,-0.0054774130333517254
03/21/2014,-0.004273071116493196
03/20/2014,0.006408292071889034
03/19/2014,-0.006131659767659243
03/18/2014,0.0071708303746260875
03/17/2014,0.008693245641167555
03/14/2014,-0.0021354203363557088
03/13/2014,-0.012155843044097048
03/12/2014,0.0010985183398976258
03/11/2014,-0.0056594933608764934
03/10/2014,-3.6743953223340785E-4
03/07/2014,-2.5552030321743615E-4
03/06/2014,0.001520665037509689
03/05/2014,-1.280648862090174E-4
03/04/2014,0.013346095401870001
03/03/2014,-0.006432754833986502
02/28/2014,0.0023340808141792202
02/27/2014,0.00508970675917387
02/26/2014,-3.4131726794482675E-4
02/25/2014,-0.0013747117976252075
02/24/2014,0.005896187894031907
02/21/2014,-0.0026180427686073515
02/20/2014,0.00576195578491612
02/19/2014,-0.005519604111153456
02/18/2014,9.407133108214756E-4
02/14/2014,0.005562057687890395
02/13/2014,0.008270792695694335
02/12/2014,-4.7249631892397207E-4
02/11/2014,0.010719542336638037
02/10/2014,0.0020265003897115426
02/07/2014,0.011829888345223276
02/06/2014,0.011660077924004161
02/05/2014,-9.923690243985952E-4
02/04/2014,0.0065259029028226015
02/03/2014,-0.022881279870756367
01/31/2014,-0.00462900920218004
01/30/2014,0.009577024145129606
01/29/2014,-0.00890986788816582
01/28/2014,0.00532809871003926
01/27/2014,-0.00528746028821406
01/24/2014,-0.02007159434251438
01/23/2014,-0.007506961444723647
01/22/2014,8.131359400657208E-5
01/21/2014,0.001493712826919421
01/17/2014,-0.002998541396680443
01/16/2014,-0.0011363697855507383
01/15/2014,0.004270532240888514
01/14/2014,0.009619185663460386
01/13/2014,-0.011980926104949842
01/10/2014,0.001255393845852823
01/09/2014,-4.7308319738982645E-4
01/08/2014,-2.2308068991788553E-4
01/07/2014,0.005014463747669161
01/06/2014,-0.0030235058478095757
01/03/2014,-0.001003703885534197
01/02/2014,-0.007519530191888812
12/31/2013,0.003120573534280179
12/30/2013,-2.1721776624115025E-4
12/27/2013,-8.518858147446439E-4
12/26/2013,0.0038474953132493052
12/24/2013,0.0028993118237218164
12/23/2013,0.0027812520571390605
12/20/2013,0.004380271654173872
12/19/2013,3.316749585405799E-4
12/18/2013,0.01638543666430908
12/17/2013,-0.0030619042021416687
12/16/2013,0.005097103764880586
12/13/2013,-0.0014960798209204163
12/12/2013,-0.003485415696157083
12/11/2013,-0.01139364086178968
12/10/2013,-0.002755034299623821
12/09/2013,0.0011958742338929883
12/07/2015,-0.006386276442054663
12/04/2015,0.019719779255474874
12/03/2015,-0.01494201498526952
12/02/2015,-0.010562827411964456
12/01/2015,0.009457831036088719
11/30/2015,-0.0050407709414380854
11/27/2015,6.175735582769045E-4
11/25/2015,-2.0581055856042264E-4
11/24/2015,0.0022644188791125586
11/23/2015,-0.0013496633020803523
11/20/2015,0.0030487512122986666
11/19/2015,-0.001180592215770042
11/18/2015,0.015394811865554973
11/17/2015,-0.0015727940711019871
11/16/2015,0.015385147966450451
11/13/2015,-0.010564206901948576
11/12/2015,-0.012700925063576979
11/11/2015,-0.004036651451226525
11/10/2015,0.002180830833963068
11/09/2015,-0.00857595298965926
11/06/2015,2.8590488897355814E-4
11/05/2015,-8.326671995736745E-4
11/04/2015,-0.003927793044631841
11/03/2015,0.0034052591278540944
11/02/2015,0.011193025625252293
10/30/2015,-0.00509090909090903
10/29/2015,5.075777527713005E-4
10/28/2015,0.011551043320041757
10/27/2015,-0.0013824773413897897
10/26/2015,-0.0018794456117354951
10/23/2015,0.008240249928335108
10/22/2015,0.015149267018814225
10/21/2015,-0.007145421373317517
10/20/2015,-0.0011607718148864692
10/19/2015,9.499293705364707E-4
10/16/2015,0.004317392571516082
10/15/2015,0.013719214413439658
10/14/2015,-0.004701396444506589
10/13/2015,-0.005612903225806425
10/12/2015,8.979733584699454E-4
10/09/2015,5.760454479995242E-4
10/08/2015,0.009739168810587747
10/07/2015,0.006805088935298693
10/06/2015,-0.003377579116393106
10/05/2015,0.016742310664012744
10/02/2015,0.015397263980601174
10/01/2015,0.002172270986898573
09/30/2015,0.017428489672202313
09/29/2015,0.0011637175195280446
09/28/2015,-0.024575208119511957
09/25/2015,-0.002370953495219427
09/24/2015,-0.00132829580165491
09/23/2015,-0.002305428048002315
09/22/2015,-0.009508562804949596
09/21/2015,0.0031262112156015326
09/18/2015,-0.0158971884643608
09/17/2015,-0.0025710032926883684
09/16/2015,0.008741064296619834
09/15/2015,0.011758989310009724
09/14/2015,-0.005109370065102428
09/11/2015,0.004919418893643141
09/10/2015,0.005510947213366388
09/09/2015,-0.014917953790357392
09/08/2015,0.021849219114823914
09/04/2015,-0.013625908736189246
09/03/2015,1.7428836522647006E-4
09/02/2015,0.016874334731701166
09/01/2015,-0.028546919176281292
08/31/2015,-0.00732359203313986
08/28/2015,0.0014148615852491594
08/27/2015,0.023106183439110188
08/26/2015,0.0361820851688693
08/25/2015,-0.01605306414903483
08/24/2015,-0.03660789252728802
08/21/2015,-0.031065641469361985
08/20/2015,-0.019685930434698913
08/19/2015,-0.007672890551560549
08/18/2015,-0.0024120000570886204
08/17/2015,0.006096568885486068
08/14/2015,0.00402755442478932
08/13/2015,-0.0013421596307144517
08/12/2015,0.0023785498053915106
08/11/2015,-0.008841182121693327
08/10/2015,0.011148593451162345
08/07/2015,-0.002420040237970606
08/06/2015,-0.008182791860050009
08/05/2015,0.0021811031513839095
08/04/2015,-0.002078486709126117
08/03/2015,-0.0030648755755550367
07/31/2015,-0.003674938435309606
07/30/2015,8.781173164734376E-4
07/29/2015,0.006621473241991859
07/28/2015,0.010865628395508874
07/27/2015,-0.005076532944533552
07/24/2015,-0.010745680797625244
07/23/2015,-0.0056807431793240645
07/22/2015,-0.0019167126960971505
07/21/2015,-0.003920001880096893
07/20/2015,6.723558313939822E-4
07/17/2015,-7.523039307894923E-5
07/16/2015,0.006510151382340992
07/15/2015,-7.633913542373564E-4
07/14/2015,0.004395824205132122
07/13/2015,0.009408518146372748
07/10/2015,0.01163323168058308
07/09/2015,7.708332316938949E-4
07/08/2015,-0.01491100565058758
07/07/2015,0.005711469326220652
07/06/2015,-0.0025024711299691895
07/02/2015,-6.015312579702891E-4
07/01/2015,0.005041122399613001
06/30/2015,9.31500735012334E-4
06/29/2015,-0.019531789786670462
06/26/2015,-5.374247367570503E-4
06/25/2015,-0.00362566114997445
06/24/2015,-0.007096272926329745
06/23/2015,4.898359049718173E-4
06/22/2015,0.004899408284023626
06/19/2015,-0.005219088568923163
06/18/2015,0.009354866338659416
06/17/2015,0.0014494135596452577
06/16/2015,0.00577183268881989
06/15/2015,-0.0033041016764372645
06/12/2015,-0.006320494630901007
06/11/2015,0.0012439228198117716
06/10/2015,0.011570692703928619
06/09/2015,5.194630291428028E-4
06/08/2015,-0.006241815383733019
06/05/2015,-0.0010787126090049679
06/04/2015,-0.007815939593343795
06/03/2015,0.0016250994958876414
06/02/2015,-3.838116764040852E-4
06/01/2015,0.001465399499203347
05/29/2015,-0.006257485877038272
05/28/2015,-6.973664990788251E-4
05/27/2015,0.008716801337684564
05/26/2015,-0.009946643831104824
05/22/2015,-0.0020184381982388806
05/21/2015,0.0024793582837383176
05/20/2015,-9.117441100860774E-4
05/19/2015,-7.607598206109047E-4
05/18/2015,0.0037241314288406335
05/15/2015,3.1101707295228453E-4
05/14/2015,0.009840842113281602
05/13/2015,-5.429553919280026E-4
05/12/2015,-0.0017832771402892238
05/11/2015,-0.004835599084875881
05/08/2015,0.011457223021513863
05/07/2015,0.003865458951133658
05/06/2015,-0.005312586670237142
05/05/2015,-0.010967372422052169
05/04/2015,0.0020187372940389265
05/01/2015,0.010017342314288656
04/30/2015,-0.00950359056195133
04/29/2015,-0.0026698351234798147
04/28/2015,0.0030402921716035335
04/27/2015,-0.00489314817698375
04/24/2015,0.0023144642180991442
04/23/2015,0.0027144897755799376
04/22/2015,0.004618090140925645
04/21/2015,-0.002629801885087739
04/20/2015,0.007816286088546173
04/17/2015,-0.010177971825091121
04/16/2015,-4.6059754221364826E-4
04/15/2015,0.00419959767758909
04/14/2015,0.0017014931079969914
04/13/2015,-0.004567013791430361
04/10/2015,0.005044202513973028
04/09/2015,0.004751860624900842
04/08/2015,0.002388128689321808
04/07/2015,-0.00214341668308673
04/06/2015,0.007627598831887722
04/02/2015,0.0033640286791939127
04/01/2015,-0.0038401454805744037
03/31/2015,-0.00775413257839318
03/30/2015,0.01072132783621011
03/27/2015,0.002548910875677252
03/26/2015,-0.0018398594133809546
03/25/2015,-0.015312216329845554
03/24/2015,-0.005912716142095333
03/23/2015,-0.0016935564210455026
03/20/2015,0.008505874698610617
03/19/2015,-0.004488514263659746
03/18/2015,0.01286158121224979
03/17/2015,-0.0030327935825895276
03/16/2015,0.012572068017612643
03/13/2015,-0.005405510132909606
03/12/2015,0.012174807701729415
03/11/2015,-0.002176369033936707
03/10/2015,-0.01540358550001435
03/09/2015,0.0034648329110869036
03/06/2015,-0.014112932015174204
03/05/2015,0.0011913044306994386
03/04/2015,-0.004360161691306056
03/03/2015,-0.0037716943320603553
03/02/2015,0.0057760909734327626
02/27/2015,-0.0030224361403775246
02/26/2015,-0.0014995908056634733
02/25/2015,-6.807545029074147E-4
02/24/2015,0.0030249869612631497
02/23/2015,-8.057521222092433E-5
02/20/2015,0.006030558005387023
02/19/2015,-8.574490889604297E-4
02/18/2015,2.477181348729882E-4
02/17/2015,0.001845960113905921
02/13/2015,0.003930524037954969
02/12/2015,0.00893728441820694
02/11/2015,-9.668608445520683E-6
02/10/2015,0.009373566639666648
02/09/2015,-0.003277379265341004
02/06/2015,-0.0033021704133291306
02/05/2015,0.009332256722699325
02/04/2015,-0.0035873607762366075
02/03/2015,0.013506632191465985
02/02/2015,0.012110163422097711
01/30/2015,-0.012063287691583876
01/29/2015,0.009388499088616421
01/28/2015,-0.014849877481130046
01/27/2015,-0.008941040891467165
01/26/2015,0.0032529920699174183
01/23/2015,-0.005409650117790698
01/22/2015,0.014181782431303218
01/21/2015,0.005905385137041484
01/20/2015,8.85805340564918E-4
01/16/2015,0.013637846655791227
01/15/2015,-0.010468032278088108
01/14/2015,-0.0035325009908839223
01/13/2015,-0.004208547042203583
01/12/2015,-0.00873356042871182
01/09/2015,-0.009033414911919297
01/08/2015,0.015527353849335901
01/07/2015,0.010146842512029188
01/06/2015,-0.009662982469154213
01/05/2015,-0.016481376920231366
01/02/2015,-3.399873718977477E-4
12/31/2014,-0.011147345721407628
12/30/2014,-0.0038975527773654046
12/29/2014,0.0014082955312962806
12/26/2014,0.002144604903324761
12/24/2014,-6.576263050521497E-4
12/23/2014,3.314948978611635E-4
12/22/2014,0.004474986468723306
12/19/2014,0.004662694561968776
12/18/2014,0.020926408384431744
12/17/2014,0.019819938493340215
12/16/2014,-0.0070317258180610295
12/15/2014,-0.0076806830820485795
12/12/2014,-0.013805433519178852
12/11/2014,0.0036539902954750947
12/10/2014,-0.015892289908007357
12/09/2014,0.0015900415744815257
12/08/2014,-0.007002949625031424
12/05/2016,0.0018449094585690344
12/02/2016,3.788017087151444E-4
12/01/2016,-0.004131498929628231
11/30/2016,-0.0027936888030221977
11/29/2016,0.0017721150875150565
11/28/2016,-0.0038412639522942328
11/25/2016,0.003209036065395408
11/23/2016,0.002806395124058865
11/22/2016,6.268282490598072E-4
11/21/2016,0.005374057253147826
11/18/2016,-0.0022635297345496115
11/17/2016,0.003906160349947794
11/16/2016,-2.7094919472987533E-4
11/15/2016,0.005580434351493532
11/14/2016,-6.649304593561509E-4
11/11/2016,8.045461481196193E-4
11/10/2016,-4.6136314353300514E-6
11/09/2016,0.01487173713149068
11/08/2016,0.004525991586538401
11/07/2016,0.014724434563622522
11/04/2016,6.670537818109659E-4
11/03/2016,-0.0048313321898229115
11/02/2016,-0.005446969086435569
11/01/2016,-0.007967378845105904
10/31/2016,-0.001704401393571218
10/28/2016,-0.0027295366822529294
10/27/2016,-0.00513978153596447
10/26/2016,0.0011511626274585214
10/25/2016,-0.0030515602031892276
10/24/2016,0.0013171980451477437
10/21/2016,8.086265968038301E-4
10/20/2016,-5.460884663315796E-4
10/19/2016,0.0016255529449133825
10/18/2016,6.032801605005652E-4
10/17/2016,-0.003023980871562774
10/14/2016,-0.0031313093546697724
10/13/2016,0.0010749861519250999
10/12/2016,7.063765688809608E-4
10/11/2016,-0.011391028755176114
10/10/2016,0.0015136155971838335
10/07/2016,-0.004828596380170074
10/06/2016,0.0011815292231562038
10/05/2016,0.0021251421014778214
10/04/2016,-0.0059536741287898555
10/03/2016,-0.0014461750287618382
09/30/2016,0.0054532554915116375
09/29/2016,-0.008193093273087731
09/28/2016,0.004403635774914995
09/27/2016,0.006472386348809842
09/26/2016,-0.0057631547249530025
09/23/2016,-0.003957134114637213
09/22/2016,0.0028743309349865873
09/21/2016,0.008645049380298224
09/20/2016,-0.0028798568459508823
09/19/2016,-0.002271465818403953
09/16/2016,-0.00341023443032321
09/15/2016,0.010304136710957245
09/14/2016,-9.822074760558238E-4
09/13/2016,-0.010904592949448176
09/12/2016,0.018002131210923793
09/09/2016,-0.01902649971416452
09/08/2016,-6.688779343583519E-4
09/07/2016,4.5305399579885394E-4
09/06/2016,0.0022322963316082573
09/02/2016,0.0011435184547346885
09/01/2016,-2.164571944383396E-4
08/31/2016,-0.001200795009109538
08/30/2016,-0.0015279084172612023
08/29/2016,0.004695441412963867
08/26/2016,-0.002786078800974643
08/25/2016,-3.7730813651199965E-4
08/24/2016,-0.0044162940656907
08/23/2016,-4.159410552103951E-4
08/22/2016,4.8588637592934727E-4
08/19/2016,-1.6939530454523812E-4
08/18/2016,0.0023465786699664926
08/17/2016,0.0020111670278806773
08/16/2016,-0.0037004171545666036
08/15/2016,0.0018617799897534234
08/12/2016,1.4195829173821068E-4
08/11/2016,0.0035904994100011316
08/10/2016,-0.003353475565899077
08/09/2016,-2.2912236967519614E-4
08/08/2016,-0.0013142469868485298
08/05/2016,0.006492099281165962
08/04/2016,3.4203678282040837E-4
08/03/2016,0.003236260959472563
08/02/2016,-0.00594947325732502
08/01/2016,-0.0010629731035593241
07/29/2016,0.002199342502639664
07/28/2016,0.0018512961381315128
07/27/2016,-0.0014886096017623746
07/26/2016,9.682014965630525E-5
07/25/2016,-0.0024060247227091092
07/22/2016,0.003951127871606993
07/21/2016,-0.0035620435268832037
07/20/2016,0.003194681685979444
07/19/2016,-4.621520572589545E-6
07/18/2016,0.0022432517437234786
07/15/2016,-0.0015657258455613876
07/14/2016,0.002720262479841275
07/13/2016,-6.40725040741806E-4
07/12/2016,0.005907922411778393
07/11/2016,0.0025519298969846204
07/08/2016,0.010882926667204702
07/07/2016,-0.0011997600479903931
07/06/2016,0.007340136152329502
07/05/2016,-0.003102551251760101
07/01/2016,0.0017195880610094945
06/30/2016,0.01239165143234759
06/29/2016,0.013746579265576238
06/28/2016,0.014661105214110862
06/27/2016,-0.015215732604789723
06/24/2016,-0.03156178552245681
06/23/2016,0.009805045871559623
06/22/2016,-0.0020576623998086766
06/21/2016,0.0017792143641586792
06/20/2016,0.0036953526243267295
06/17/2016,-0.0033586757771148197
06/16/2016,0.0056282545151859565
06/15/2016,-0.0029360800924142804
06/14/2016,-6.404545782871101E-4
06/13/2016,-0.006066690570096835
06/10/2016,-0.0063994084102447415
06/09/2016,-8.035355564487167E-5
06/08/2016,0.0030340179201120148
06/07/2016,9.240917836394397E-4
06/06/2016,0.004084100093772427
06/03/2016,-0.002347830633011285
06/02/2016,0.0035991628966826595
06/01/2016,0.0025740947687134647
05/31/2016,-0.0015094303685962644
05/27/2016,0.004306096475699263
05/26/2016,-6.407068813832314E-4
05/25/2016,0.005584603618207505
05/24/2016,0.01140476944437671
05/23/2016,-0.0020416814879424114
05/20/2016,0.005112935138205993
05/19/2016,-0.00203990783725746
05/18/2016,0.0015897240239094493
05/17/2016,-0.008634215317863058
05/16/2016,0.009836161698093789
05/13/2016,-0.007704242424242473
05/12/2016,-0.0014802846403536938
05/11/2016,-0.00903858800263042
05/10/2016,0.010549638083417657
05/09/2016,5.540570095501312E-4
05/06/2016,0.004575709186090181
05/05/2016,-0.0011300811028031414
05/04/2016,-0.004455661796825846
05/03/2016,-0.006648436823000388
05/02/2016,0.006898319925308399
04/29/2016,-0.0031469915340135634
04/28/2016,-0.007231232035505681
04/27/2016,0.0013477797479365893
04/26/2016,8.900202886343799E-4
04/25/2016,-7.56208809353981E-4
04/22/2016,4.303152298129349E-5
04/21/2016,-0.005047357629787558
04/20/2016,4.1874452777042765E-4
04/19/2016,0.0022661673147110037
04/18/2016,0.007460927540972671
04/15/2016,-0.0011377274254716005
04/14/2016,-5.281123823133847E-5
04/13/2016,0.007986756505576209
04/12/2016,0.008807468733485885
04/11/2016,-0.00401906127605196
04/08/2016,0.001007069038004608
04/07/2016,-0.010227773980736949
04/06/2016,0.01031502375877506
04/05/2016,-0.008402424242424208
04/04/2016,-0.0034053801147024367
04/01/2016,0.007857552683529436
03/31/2016,-0.0019527369813497628
03/30/2016,0.0027595990807813536
03/29/2016,0.009460886651111491
03/28/2016,-4.1219104073337887E-4
03/24/2016,0.0017023537746989079
03/23/2016,-0.005779697835054133
03/22/2016,5.662293033428564E-4
03/21/2016,0.0018165126862901145
03/18/2016,0.004125105332261971
03/17/2016,0.006754156593813127
03/16/2016,0.0064441178806895
03/15/2016,3.274995410044718E-4
03/14/2016,1.8323453525289745E-4
03/11/2016,0.013776438680309427
03/10/2016,-7.031748343772588E-4
03/09/2016,0.003946624677002551
03/08/2016,-0.008823765073514742
03/07/2016,0.0028305053328724827
03/04/2016,0.0029989819509430838
03/03/2016,0.003928283642224105
03/02/2016,0.004983304664575603
03/01/2016,0.02129999122394932
02/29/2016,-0.007652288239614248
02/26/2016,-0.0035295020333001308
02/25/2016,0.010264665841904557
02/24/2016,0.006383111871336495
02/23/2016,-0.010868110256489526
02/22/2016,0.010943443287397863
02/19/2016,5.425879357659169E-4
02/18/2016,-0.005052994184387601
02/17/2016,0.014756688434800918
02/16/2016,0.012899157867738143
02/12/2016,0.017115741245772816
02/11/2016,-0.009702219815917745
02/10/2016,-0.002821603575467131
02/09/2016,0.002028715795851682
02/08/2016,-0.010575203523288373
02/05/2016,-0.01726021525610667
02/04/2016,0.001977328723053651
02/03/2016,0.002863030722522003
02/02/2016,-0.016654092990089197
02/01/2016,0.0012597189381189167
01/29/2016,0.024413938753959877
01/28/2016,0.004317798453230855
01/27/2016,-0.01028635704223868
01/26/2016,0.013221275395334308
01/25/2016,-0.015317791719999184
01/22/2016,0.01571322041120699
01/21/2016,0.004045211822977648
01/20/2016,-0.008981014614802491
01/19/2016,-0.0038810585282688013
01/15/2016,-0.01896508546027513
01/14/2016,0.01594349995770947
01/13/2016,-0.02579960213158516
01/12/2016,0.005628089613710824
01/11/2016,-0.0012719872074428479
01/08/2016,-0.012302347929310346
01/07/2016,-0.02127113009489655
01/06/2016,-0.010662570648851
01/05/2016,0.0014549752207292075
01/04/2016,-0.012530664311647514
12/31/2015,-0.008080210036931214
12/30/2015,-0.006729760174068769
12/29/2015,0.0086482184281791
12/28/2015,-6.171729590770503E-4
12/24/2015,-0.0012260603241064784
12/23/2015,0.010816766232494328
12/22/2015,0.00781948941007831
12/21/2015,0.005412208310326528
12/18/2015,-0.017277453560106033
12/17/2015,-0.015368220044749688
12/16/2015,0.012983141949670249
12/15/2015,0.008817358248377047
12/14/2015,0.0042565449966971616
12/11/2015,-0.01704709198102844
12/10/2015,0.002099681141445242
12/09/2015,-0.006573936162470918
12/08/2015,-0.004726558920415227
12/07/2015,-0.006386276442054663
12/04/2017,-0.006679989010947655
12/01/2017,-0.0010888057162300516
11/30/2017,0.00518237007057898
11/29/2017,-6.659512447580123E-4
11/28/2017,0.008096886344274967
11/27/2017,-4.7643564660761753E-4
11/24/2017,7.691065289453242E-4
11/22/2017,-0.0012421595886644354
11/21/2017,0.003808170185812491
11/20/2017,0.0010273348607670863
11/17/2017,-0.0015834669020574018
11/16/2017,0.004932081851571175
11/15/2017,-0.001879779719395173
11/14/2017,4.3448744059737787E-4
11/13/2017,0.003225268093132991
11/10/2017,8.216481020705322E-4
11/09/2017,2.399380804953138E-4
11/08/2017,0.002190280100899704
11/07/2017,-5.671055626498315E-4
11/06/2017,0.0014145091537294382
11/03/2017,0.00228898537140833
11/02/2017,1.511944360447042E-4
11/01/2017,-0.0014903937349266645
10/31/2017,-2.833861932692144E-4
10/30/2017,-0.0019086412569101242
10/27/2017,0.0042058001914203015
10/26/2017,1.2499609387213044E-4
10/25/2017,-0.0036508579711048
10/24/2017,1.8297478062501642E-4
10/23/2017,-0.005081300813008095
10/20/2017,0.0029794824658430927
10/19/2017,0.0034111514496414715
10/18/2017,-6.282019766900673E-4
10/17/2017,8.564154905618533E-4
10/16/2017,8.099954217648935E-4
10/13/2017,-9.74308006542256E-4
10/12/2017,-7.638431888691489E-4
10/11/2017,0.0018113243054629427
10/10/2017,2.54902960403802E-4
10/09/2017,-0.0026103418136779774
10/06/2017,7.419213013848697E-4
10/05/2017,0.004411892036554566
10/04/2017,0.0016814815984336816
10/03/2017,0.00167566413999691
10/02/2017,0.0031413612565445318
09/29/2017,0.0037450796028622333
09/28/2017,0.0026563767021782654
09/27/2017,0.0014940278831940964
09/26/2017,-0.001679301410613112
09/25/2017,-0.0010922665130291863
09/22/2017,0.001986176849827243
09/21/2017,-0.0026165063258826505
09/20/2017,5.584720205516253E-4
09/19/2017,1.4363860526919365E-4
09/18/2017,5.434543718105711E-4
09/15/2017,0.0018271646491723446
09/14/2017,4.2492463600793146E-4
09/13/2017,0.0017963903780840447
09/12/2017,0.0018218737208760898
09/11/2017,0.0054919742010572335
09/08/2017,-3.330287338816788E-4
09/07/2017,-0.0011993225448327985
09/06/2017,6.940413908427272E-4
09/05/2017,-0.0050600117392272355
09/01/2017,8.608077852588118E-4
08/31/2017,0.0036545997198140215
08/30/2017,0.004713702852751037
08/29/2017,0.0059047509395791535
08/28/2017,-0.0012707622530492685
08/25/2017,-6.831048136390336E-4
08/24/2017,-0.003652095052514208
08/23/2017,-3.4357514479244197E-4
08/22/2017,0.007708269131998035
08/21/2017,0.0011832611832611382
08/18/2017,-8.609184228302759E-4
08/17/2017,-0.013374205728902171
08/16/2017,-2.106431502493212E-4
08/15/2017,-0.0016405661370945076
08/14/2017,0.004431844103366291
08/11/2017,1.1470520761650776E-4
08/10/2017,-0.011020613455126622
08/09/2017,0.003516742044740127
08/08/2017,-0.0013839853128088592
08/07/2017,0.0015219164035944605
08/04/2017,-2.0186686476608434E-5
08/03/2017,-0.0015629859088946197
08/02/2017,-0.0011328909280029452
08/01/2017,-3.027734043841589E-4
07/31/2017,-0.002277922728337469
07/28/2017,0.0012069077242094423
07/27/2017,-0.0029563872464515883
07/26/2017,-8.629136642781456E-4
07/25/2017,-3.026780957915637E-4
07/24/2017,-8.616365430980522E-4
07/21/2017,0.002083164464618575
07/20/2017,-8.523324015576788E-4
07/19/2017,0.004050571260425764
07/18/2017,0.001925989869211858
07/17/2017,-1.4637121366136503E-4
07/14/2017,0.004127945907984831
07/13/2017,0.0011615589429814215
07/12/2017,0.003079133737041979
07/11/2017,-7.497888643993281E-4
07/10/2017,0.0012043670679847136
07/07/2017,0.004831118035069051
07/06/2017,-0.005648994817284544
07/05/2017,7.240474251062471E-4
07/03/2017,-9.788639420247902E-4
06/30/2017,-0.0023835007409846714
06/29/2017,-0.009286024287784984
06/28/2017,0.004936797463663786
06/27/2017,-0.006961261564477879
06/26/2017,-0.0017394365044284005
06/23/2017,0.0014991887951040564
06/22/2017,-0.0011897924017395959
06/21/2017,-0.001516822380099216
06/20/2017,-0.005561767034186568
06/19/2017,0.004466643466868581
06/16/2017,7.856073444005155E-4
06/15/2017,0.003432145008126661
06/14/2017,-0.002385677749360584
06/13/2017,0.0025470903600845543
06/12/2017,0.0014468976206571484
06/09/2017,-0.0018962481376133915
06/08/2017,-1.9718437149536338E-4
06/07/2017,4.5640884364077437E-4
06/06/2017,-0.001065002138228291
06/05/2017,-7.096475143878032E-4
06/02/2017,0.0032040735744134625
06/01/2017,0.005965268147289489
05/31/2017,-0.00158550771434364
05/30/2017,5.141665319051867E-4
05/26/2017,5.466970387244414E-4
05/25/2017,0.0022950438672942556
05/24/2017,0.0012409376158173816
05/23/2017,5.757100423856545E-4
05/22/2017,0.002852702527217943
05/19/2017,0.004368782602461922
05/18/2017,0.004684268417498586
05/17/2017,-0.010877273967141408
05/16/2017,-0.0016136075357135883
05/15/2017,0.003483738377095943
05/12/2017,-6.436943037233801E-4
05/11/2017,-1.670257720766694E-4
05/10/2017,0.001184918161374232
05/09/2017,-0.0019403892437478054
05/08/2017,-2.333391668124809E-4
05/05/2017,0.002892529165639125
05/04/2017,-1.1298063846613377E-4
05/03/2017,6.830085899853799E-4
05/02/2017,5.018715627021219E-5
05/01/2017,-7.117437722422975E-5
04/28/2017,-0.003960429130042453
04/27/2017,-3.8917018872654995E-4
04/26/2017,-6.404406901691098E-4
04/25/2017,0.002981301779123291
04/24/2017,0.0016115899473913605
04/21/2017,-0.002569285781020294
04/20/2017,0.005613205332331675
04/19/2017,-0.003673102407969989
04/18/2017,-1.451422180292869E-4
04/17/2017,0.007026433795474758
04/13/2017,-0.005563668349003919
04/12/2017,-0.003069532130178881
04/11/2017,-5.9475258292496206E-5
04/10/2017,0.0
04/07/2017,-4.455590493043685E-4
04/06/2017,0.0015719329251971579
04/05/2017,-0.005763566988789916
04/04/2017,0.002293227335269682
04/03/2017,-0.0014815818214143602
03/31/2017,-8.880168469483358E-4
03/30/2017,0.0028585827358542505
03/29/2017,0.0019477708844323227
03/28/2017,0.008026361340120353
03/27/2017,0.00535826989708516
03/24/2017,-0.0027399358412539265
03/23/2017,-4.262629104278201E-6
03/22/2017,0.0023260776781902767
03/21/2017,-0.014836171679303406
03/20/2017,-0.002005684876210972
03/17/2017,-0.002290547088362274
03/16/2017,-0.0026510757169002632
03/15/2017,0.006294455647713017
03/14/2017,-0.0013088176310402412
03/13/2017,8.053770513922711E-4
03/10/2017,3.37194207003217E-5
03/09/2017,5.838823096353736E-4
03/08/2017,-0.002882087593520125
03/07/2017,-9.912516766916277E-4
03/06/2017,3.368094879229685E-5
03/03/2017,9.24012566570829E-4
03/02/2017,-0.005357552980478099
03/01/2017,0.006650897219899723
02/28/2017,-0.001031241547200456
02/27/2017,0.001911019224346039
02/24/2017,0.0049284086037025155
02/23/2017,-0.0015586061246040358
02/22/2017,7.242356349344318E-4
02/21/2017,0.004446029784577863
02/17/2017,0.003478431590133903
02/16/2017,-0.0010299450128530639
02/15/2017,0.005852935887445548
02/14/2017,0.0049266589857789094
02/13/2017,0.002812569991213497
02/10/2017,0.0016563809589710229
02/09/2017,0.004863499804066736
02/08/2017,0.0022362472975038287
02/07/2017,-0.00121522560075264
02/06/2017,-7.496905347212435E-4
02/03/2017,0.0038802030989190093
02/02/2017,0.0018272140695482716
02/01/2017,-0.0026426436937508316
01/31/2017,0.0021327868708278333
01/30/2017,-0.002235335803430487
01/27/2017,-0.0018834111925950742
01/26/2017,-8.48331397397699E-4
01/25/2017,0.004146132606340123
01/24/2017,0.0053750639363635
01/23/2017,-0.0011376764941927267
01/20/2017,5.947241361080852E-4
01/19/2017,-0.0036137153924028506
01/18/2017,0.0012119128832949928
01/17/2017,-5.508694924068149E-4
01/13/2017,8.359953184262569E-4
01/12/2017,-3.08215257535783E-4
01/11/2017,0.002962179317640948
01/10/2017,-3.6127804310651053E-4
01/09/2017,-0.0020628169546840257
01/06/2017,0.002571395862870693
01/05/2017,3.615233358905218E-4
01/04/2017,0.004045808277325828
01/03/2017,0.0027802822030848534
12/30/2016,-0.005675938550637188
12/29/2016,-1.0669037563893385E-4
12/28/2016,-0.008946230117653253
12/27/2016,0.0011693429175326825
12/23/2016,0.0015661984293772653
12/22/2016,-8.705527789192772E-4
12/21/2016,-0.0023606719106468626
12/20/2016,0.0018795499669094278
12/19/2016,0.0014562419220624718
12/16/2016,-0.0038556385405039604
12/15/2016,0.003664970249848129
12/14/2016,-0.006643595565058174
12/13/2016,0.0037113620698794847
12/12/2016,-8.278622118529907E-4
12/09/2016,0.00435607828494983
12/08/2016,0.0022577895972120962
12/07/2016,0.013855214590721626
12/06/2016,0.0022516604296728975
12/05/2016,0.0018449094585690344
12/03/2018,-4.658663321989218E-5
11/30/2018,0.00818552393197353
11/29/2018,2.886403577680495E-4
11/28/2018,0.019446766612792415
11/27/2018,0.00691506335053968
11/26/2018,0.008860477665784903
11/23/2018,-3.0379439195559355E-4
11/21/2018,-0.0029385869197137214
11/20/2018,-0.004787915316808573
11/19/2018,-0.014651706130938781
11/16/2018,0.00652188306958883
11/15/2018,0.013617868068549643
11/14/2018,-0.013265641550093197
11/13/2018,-0.002882731085511381
11/12/2018,-0.01719942464301552
11/09/2018,-0.0046848716939263775
11/08/2018,1.6034891924821945E-4
11/07/2018,0.014332421335697954
11/06/2018,0.006226263511539485
11/05/2018,0.004379449597816897
11/02/2018,-0.008155311515416371
11/01/2018,0.008386137666600417
10/31/2018,0.0022693672383204736
10/30/2018,0.01588605965130204
10/29/2018,-0.015432501444467258
10/26/2018,-0.0034372118476981824
10/25/2018,0.011473411891374586
10/24/2018,-0.02986628291335965
10/23/2018,0.007225205161280785
10/22/2018,-0.0065105950381046255
10/19/2018,-0.002838964426478623
10/18/2018,-0.011855817273376089
10/17/2018,-8.749248667162349E-4
10/16/2018,0.01549303409768522
10/15/2018,-0.004718090475897564
10/12/2018,-0.0012308069906949023
10/11/2018,-0.017465707793306855
10/10/2018,-0.03069696231601665
10/09/2018,-7.528161220603129E-4
10/08/2018,0.0023978898569257784
10/05/2018,-0.00584660331985082
10/04/2018,-0.0060766951547432755
10/03/2018,-0.0021079991404274793
10/02/2018,-1.2654764347778426E-4
10/01/2018,-5.809403715967379E-4
09/28/2018,0.0013573743226014225
09/27/2018,8.07102502017725E-4
09/26/2018,-0.003774451658907575
09/25/2018,-0.0021185933088046735
09/24/2018,-8.419381004370674E-4
09/21/2018,-0.002414225200561212
09/20/2018,0.003774321598229967
09/19/2018,4.6446019404111644E-4
09/18/2018,0.004694299729481089
09/17/2018,-0.005175922832948122
09/14/2018,-4.8169888314676364E-4
09/13/2018,0.0025303346738698683
09/12/2018,2.181221414747512E-4
09/11/2018,0.005683302165714124
09/10/2018,-0.0014784531077014092
09/07/2018,0.0011923605251963273
09/06/2018,-0.003666085078098929
09/05/2018,-0.0010340331789777375
09/04/2018,-8.284546559159825E-5
08/31/2018,0.0010868177630875598
08/30/2018,-0.0026848267753889544
08/29/2018,0.004626597072350074
08/28/2018,-0.0013544951662099421
08/27/2018,0.004177225282439266
08/24/2018,0.004311142941988278
08/23/2018,-0.0011572253163140609
08/22/2018,2.9010936773647656E-4
08/21/2018,5.067254701188596E-4
08/20/2018,0.0010932293363888903
08/17/2018,0.004160912088841267
08/16/2018,0.003266888932839827
08/15/2018,-0.0033876129351650235
08/14/2018,0.004271751276574652
08/13/2018,-0.004771712526362636
08/10/2018,-0.0022397205279541324
08/09/2018,-0.0012634791525940267
08/08/2018,3.1853933960839073E-4
08/07/2018,8.858791562787982E-4
08/06/2018,0.0035594956852997854
08/03/2018,0.0037920286116157006
08/02/2018,0.009548363137747738
08/01/2018,-0.002768354973291204
07/31/2018,0.0023347439077775964
07/30/2018,-0.005817665838950014
07/27/2018,-0.008278361215191566
07/26/2018,6.877118240587246E-4
07/25/2018,0.010057741515333316
07/24/2018,-9.926684345609759E-5
07/23/2018,0.0027901127834322123
07/20/2018,-9.698525610170096E-4
07/19/2018,-0.0017370442483546523
07/18/2018,0.0015188432603553388
07/17/2018,0.0072454415739924265
07/16/2018,-0.0010708816568680995
07/13/2018,0.0015660027244157378
07/12/2018,0.005443491883268571
07/11/2018,-0.002086466030174681
07/10/2018,0.0018934503829934448
07/09/2018,0.005656472254028287
07/06/2018,0.008087139475760619
07/05/2018,0.004559153363018024
07/03/2018,-0.007335535823391096
07/02/2018,0.008044510989112633
06/29/2018,-0.0032121681034641613
06/28/2018,0.006529093745483879
06/27/2018,-0.010562773736003853
06/26/2018,3.4531908953317804E-4
06/25/2018,-0.009431485923862677
06/22/2018,-0.002140691613632277
06/21/2018,-0.007048763577536392
06/20/2018,-8.70120914312895E-4
06/19/2018,0.0038444627744811705
06/18/2018,0.0028780203847725374
06/15/2018,6.767994585603087E-4
06/14/2018,-2.5869409782239023E-4
06/13/2018,-0.004415446530413117
06/12/2018,4.487363584147042E-4
06/11/2018,6.546338726270112E-4
06/08/2018,0.004768894802302394
06/07/2018,-0.0016109036917444806
06/06/2018,0.006937255970216983
06/05/2018,1.2370563879414128E-4
06/04/2018,0.0018966542289917524
06/01/2018,0.005855739875675902
05/31/2018,-0.005773655080154957
05/30/2018,0.00798540572743804
05/29/2018,-0.005637478697723937
05/25/2018,-8.334557203700918E-4
05/24/2018,-0.001164434224113249
05/23/2018,0.007115011901340447
05/22/2018,-0.005076067982792528
05/21/2018,0.002589922779214733
05/18/2018,-0.0016118645003404455
05/17/2018,1.5442822948037575E-4
05/16/2018,0.003627489290796406
05/15/2018,-0.002626361459433135
05/14/2018,-0.001185349952622507
05/11/2018,0.0018437580343041767
05/10/2018,0.0066727787594916795
05/09/2018,0.00734470449419745
05/08/2018,6.216623100371702E-4
05/07/2018,0.0012250127371354863
05/04/2018,0.01601022334967299
05/03/2018,6.278347691090419E-4
05/02/2018,-0.0069963530050032065
05/01/2018,0.004221452240093322
04/30/2018,-0.010093269284686266
04/27/2018,-0.0020781395418374886
04/26/2018,0.005766221032187492
04/25/2018,0.001700241373552145
04/24/2018,-0.017248582512682867
04/23/2018,-0.0019099947671376719
04/20/2018,-0.008326648245535874
04/19/2018,-0.002972796872454703
04/18/2018,-5.424134075739563E-4
04/17/2018,0.005069186033556931
04/16/2018,0.00289876783641071
04/13/2018,-0.007695468639097429
04/12/2018,0.003828429100582876
04/11/2018,-6.429919550358821E-4
04/10/2018,0.006996638126750595
04/09/2018,-0.0015360044016842487
04/06/2018,-0.015628425214111452
04/05/2018,0.002062197067766512
04/04/2018,0.023470998900945842
04/03/2018,0.008595115289506378
04/02/2018,-0.019582676716854208
03/29/2018,0.010120830321181466
03/28/2018,-0.002412591429556229
03/27/2018,-0.02059927199661125
03/26/2018,0.014965544887090414
03/23/2018,-0.02208402129436161
03/22/2018,-0.017712234706616755
03/21/2018,-0.0011270759744971236
03/20/2018,6.961197767996436E-4
03/19/2018,-0.010381632608394325
03/16/2018,5.235278505909882E-4
03/15/2018,-0.0025197239195866978
03/14/2018,-0.008860659106147643
03/13/2018,-0.009669413496352483
03/12/2018,-0.0026948189239358626
03/09/2018,0.012227061545782576
03/08/2018,0.0022760955081876496
03/07/2018,0.006132434008073393
03/06/2018,-7.545290054135425E-4
03/05/2018,0.01487471373262818
03/02/2018,0.012170492197872093
03/01/2018,-0.013829450283954792
02/28/2018,-0.014507331740371514
02/27/2018,-0.013008685644409941
02/26/2018,0.00806203012290698
02/23/2018,0.011598792252743205
02/22/2018,-0.002383394455471859
02/21/2018,-0.007057448364840774
02/20/2018,-0.003576655991724168
02/16/2018,0.001862757320856255
02/15/2018,0.006537778334672256
02/14/2018,0.01788617272867863
02/13/2018,0.006299432786525967
02/12/2018,0.007300654214468569
02/09/2018,0.006829939502955662
02/08/2018,-0.03873728589465224
02/07/2018,-0.003452312380386096
02/06/2018,0.030732987096428636
02/05/2018,-0.03360743653914905
02/02/2018,-0.016657647779217622
02/01/2018,0.001963464645209466
01/31/2018,-0.0030362835888871702
01/30/2018,-0.00363958570147629
01/29/2018,-0.004778130809178133
01/26/2018,0.008916656131035115
01/25/2018,-0.002455871606048605
01/24/2018,-0.00276936269513819
01/23/2018,0.0014391280577061875
01/22/2018,0.008475843312591646
01/19/2018,0.0027474487975452343
01/18/2018,-0.0015593776762774375
01/17/2018,0.00630881978032243
01/16/2018,-0.008052991110984066
01/12/2018,0.0057974572049469516
01/11/2018,0.005299730836151555
01/10/2018,9.761250022763512E-4
01/09/2018,5.088781055190472E-5
01/08/2018,0.0018376253796482855
01/05/2018,0.0043275620302197695
01/04/2018,0.0017210248187958844
01/03/2018,0.005637822710677034
01/02/2018,0.004501197959556262
12/29/2017,-0.005778777680679755
12/28/2017,5.360932206545008E-4
12/27/2017,1.9387793147160128E-4
12/26/2017,5.26298108686104E-4
12/22/2017,-3.2784198016543145E-4
12/21/2017,5.777072105314839E-4
12/20/2017,-0.003321950167027445
12/19/2017,-0.004174233393124486
12/18/2017,0.0015786024900219596
12/15/2017,0.005705415634642861
12/14/2017,-0.005199053217148501
12/13/2017,-0.001776884753654136
12/12/2017,8.941553050084378E-4
12/11/2017,0.002940965767912452
12/08/2017,0.0019990854845231346
12/07/2017,0.0032719774157465467
12/06/2017,0.0011537407091508013
12/05/2017,-0.0038677465546371422
12/04/2017,-0.006679989010947655
12/02/2019,-0.009536078375240556
11/29/2019,-0.0019700176030604598
11/27/2019,0.0025878321024706257
11/26/2019,0.0018086989808125023
11/25/2019,0.005196571545883743
11/22/2019,-3.5996541760805904E-4
11/21/2019,-0.0015924130365546675
11/20/2019,-0.0019905864524538213
11/19/2019,-0.002324577531215521
11/18/2019,0.0013213979877547287
11/15/2019,0.00403485289196632
11/14/2019,0.0019024508614414331
11/13/2019,0.0031969599699110066
11/12/2019,8.286720530349936E-4
11/11/2019,0.002168598818957804
11/08/2019,0.003839350912778881
11/07/2019,-5.960440813471068E-4
11/06/2019,5.46323696790443E-4
11/05/2019,-0.002005972474681995
11/04/2019,-2.2410164471121891E-4
11/01/2019,0.005306943934546617
10/31/2019,-0.003065410745347778
10/30/2019,0.002312697796522137
10/29/2019,4.941704360889375E-4
10/28/2019,0.0024075564291651326
10/25/2019,0.006402914108386724
10/24/2019,-0.0014893292379544233
10/23/2019,0.00351034231682585
10/22/2019,-0.004895822607806159
10/21/2019,0.0034173430158051387
10/18/2019,-0.003550406428104379
10/17/2019,-9.39758795242609E-4
10/16/2019,3.3448395815666825E-6
10/15/2019,0.007421955131977531
10/14/2019,1.1463984543856334E-4
10/11/2019,0.002429912219421012
10/10/2019,0.006708810882116094
10/09/2019,0.002851155920442507
10/08/2019,-0.009361731269689134
10/07/2019,-0.0018476817368208512
10/04/2019,0.011461131516912543
10/03/2019,0.008751013731293625
10/02/2019,-0.012708648171828332
10/01/2019,-0.014559153263241172
09/30/2019,0.0032591074696584907
09/27/2019,-0.007931749439786646
09/26/2019,-0.002716253646511951
09/25/2019,0.0055653814408678165
09/24/2019,-0.01193366706301227
09/23/2019,0.002775263951734607
09/20/2019,-0.005434746478217772
09/19/2019,-0.0011859046758527763
09/18/2019,0.0017424621022821983
09/17/2019,0.003348165852713999
09/16/2019,5.17285685203354E-4
09/13/2019,-0.0016001540397250402
09/12/2019,1.6284046951235476E-4
09/11/2019,0.0065472377163825115
09/10/2019,0.002820589631135423
09/09/2019,-0.0033462386604337395
09/06/2019,-5.435639677485013E-4
09/05/2019,0.005201648314530869
09/04/2019,0.004482557006431538
09/03/2019,-9.419011966271124E-4
08/30/2019,-0.00361922855615596
08/29/2019,0.004882540707882516
08/28/2019,0.009317508248056763
08/27/2019,-0.008288572277871109
08/26/2019,0.004074371228241634
08/23/2019,-0.02197130264816718
08/22/2019,-0.002726087876244562
08/21/2019,8.179217259174661E-4
08/20/2019,-0.0063377652012154805
08/19/2019,0.0034906709502039047
08/16/2019,0.008356779323778095
08/15/2019,4.918839153959985E-4
08/14/2019,-0.018502841939775125
08/13/2019,0.015829375989336127
08/12/2019,-0.008021822659929125
08/09/2019,-0.004047077129919409
08/08/2019,0.014460277397011995
08/07/2019,0.008860825914330165
08/06/2019,0.007196331583472605
08/05/2019,-0.01840190195543944
08/02/2019,-0.004025272597574615
08/01/2019,-0.008978901594459729
07/31/2019,-0.01188242236972094
07/30/2019,0.0018353138320155809
07/29/2019,-0.001157227547305809
07/26/2019,0.004184850244752386
07/25/2019,-0.004174043351700498
07/24/2019,0.006932842465410806
07/23/2019,0.00358294877017705
07/22/2019,0.0010395951615230284
07/19/2019,-0.009203597558134146
07/18/2019,0.00545173169691871
07/17/2019,-0.006881634554590475
07/16/2019,-0.002685807053480476
07/15/2019,-0.0011597852740406918
07/12/2019,0.0034661179478983053
07/11/2019,9.667891266225843E-5
07/10/2019,0.0012611648211955915
07/09/2019,0.0047580188297499685
07/08/2019,-0.0012819781392524134
07/05/2019,0.002064170227025167
07/03/2019,0.005956858109923252
07/02/2019,0.002816511842842135
07/01/2019,-0.002382707199612281
06/28/2019,0.0030072214228726683
06/27/2019,0.0018015796359850868
06/26/2019,-0.0042001729281937765
06/25/2019,-0.009640910047593538
06/24/2019,-0.0020566371441543946
06/21/2019,-7.620118467441774E-4
06/20/2019,0.001552752915649555
06/19/2019,0.0020235914468164744
06/18/2019,0.003798108514437272
06/17/2019,-2.7684055714136946E-5
06/14/2019,5.542430771570603E-5
06/13/2019,0.001870946283053416
06/12/2019,-0.0010025219149902601
06/11/2019,-0.006044907983067432
06/10/2019,3.118686824934563E-4
06/07/2019,0.00717523055729853
06/06/2019,0.005296074611721211
06/05/2019,0.002860093183681126
06/04/2019,0.014706946978252726
06/03/2019,-0.0025731138675574613
05/31/2019,-0.0050937223216384305
05/30/2019,6.889276410687251E-4
05/29/2019,-0.002591165666158953
05/28/2019,-0.00976668091857695
05/24/2019,-0.002241907068538774
05/23/2019,-0.00509747241513027
05/22/2019,7.35278670616291E-5
05/21/2019,0.0036229598951654667
05/20/2019,-6.017016545036265E-4
05/17/2019,3.2533407961949593E-4
05/16/2019,0.007185377127249801
05/15/2019,0.010842510583680187
05/14/2019,0.0050671602626838445
05/13/2019,-0.00997116390100668
05/10/2019,0.00639167336104229
05/09/2019,0.0038044086382453754
05/08/2019,-6.598115717060802E-5
05/07/2019,-0.00994840423888529
05/06/2019,0.008106184833390031
05/03/2019,0.005609020862280218
05/02/2019,-0.001587866509705106
05/01/2019,-0.009687263957619882
04/30/2019,0.00295866046562304
04/29/2019,8.331689666665328E-4
04/26/2019,0.004808924708029627
04/25/2019,-9.627892208576025E-4
04/24/2019,-0.0023006134969325155
04/23/2019,0.008140921446465471
04/22/2019,0.003170299229330822
04/18/2019,7.573645092114619E-5
04/17/2019,-0.005346291546069377
04/16/2019,-0.001785554861173203
04/15/2019,-9.421246630357857E-4
04/12/2019,0.002257951090366211
04/11/2019,-0.0012448477136296678
04/10/2019,0.002373870762866326
04/09/2019,-0.002903089469198882
04/08/2019,0.0025307603359575504
04/05/2019,0.0029748696327526656
04/04/2019,0.0018789209426616276
04/03/2019,-9.352975741371287E-4
04/02/2019,-3.4864585948177283E-4
04/01/2019,0.006515412672056372
03/29/2019,0.00216740268786223
03/28/2019,0.002149925250943249
03/27/2019,-0.0050891577887165786
03/26/2019,0.002062104911365107
03/25/2019,8.404834031351493E-4
03/22/2019,-0.01540154402148691
03/21/2019,0.012469323195210982
03/20/2019,-0.002511178452605525
03/19/2019,-0.0028830313014827206
03/18/2019,0.0036597333673443824
03/15/2019,0.004158973100089319
03/14/2019,-6.76065158448356E-4
03/13/2019,0.003978884055175718
03/12/2019,0.0014996376473626599
03/11/2019,0.012989470849210788
03/08/2019,0.004496867206925542
03/07/2019,-0.006361760038749033
03/06/2019,-0.00674486698419872
03/05/2019,-0.0017034007178616465
03/04/2019,-0.007660684273922741
03/01/2019,0.0019548141318410472
02/28/2019,-0.001298370580787826
02/27/2019,0.0017506726457399496
02/26/2019,5.515048202953644E-4
02/25/2019,-0.0029382922958973673
02/22/2019,0.0043155066944297596
02/21/2019,-0.0019278911173134957
02/20/2019,0.002033068854464524
02/19/2019,0.003784377166628155
02/15/2019,0.005564733501434704
02/14/2019,8.128303262256309E-4
02/13/2019,9.926189870196043E-4
02/12/2019,0.008124556950866958
02/11/2019,-9.585606842648242E-4
02/08/2019,0.0057644594333595735
02/07/2019,-0.004224424385379377
02/06/2019,-0.0012577466591104567
02/05/2019,0.0034306574693768635
02/04/2019,0.006791083654475025
02/01/2019,0.0015579206015571938
01/31/2019,0.006929834034012463
01/30/2019,0.010336822906068048
01/29/2019,-0.0018488481562559777
01/28/2019,-4.23445256467896E-4
01/25/2019,0.002754530676139504
01/24/2019,0.0013225508177834887
01/23/2019,-0.0018082224945905397
01/22/2019,-0.009398467951901522
01/18/2019,0.0073323350696081705
01/17/2019,0.010225042923718357
01/16/2019,5.163017496892281E-4
01/15/2019,0.009748172217709286
01/14/2019,8.913657661289465E-4
01/11/2019,0.003149016077369235
01/10/2019,0.008987724935982239
01/09/2019,0.0019224806201550528
01/08/2019,0.0024531659469414187
01/07/2019,0.005552904429308895
01/04/2019,0.02328307056859842
01/03/2019,-0.017669106552377363
01/02/2019,0.01335104321426271
12/31/2018,0.003165342105052484
12/28/2018,-0.00521456556625868
12/27/2018,0.018968270214943676
12/26/2018,0.04425505264226951
12/24/2018,-0.020603525843969756
12/21/2018,-0.01977788413956478
12/20/2018,-0.011755187702511608
12/19/2018,-0.01573977738952912
12/18/2018,-0.005367397163951809
12/17/2018,-0.017296149763581955
12/14/2018,-0.01130555809071827
12/13/2018,-0.0030691691428141026
12/12/2018,-0.0026935216290538645
12/11/2018,-0.010381168275509996
12/10/2018,0.00260751237238001
12/07/2018,-0.021618126825353287
12/06/2018,0.012179417385329733
12/04/2018,-0.029603619857462685
12/03/2018,-4.658663321989218E-5
11/30/2020,-0.003453323720894322
11/27/2020,-5.4966951120713704E-5
11/25/2020,-0.0016091321688900865
11/24/2020,0.01137564959994655
11/23/2020,0.0030194963581004876
11/20/2020,-0.006082177849920789
11/19/2020,0.0063100345281942895
11/18/2020,-0.012264367720627166
11/17/2020,-2.1604792940211375E-4
11/16/2020,0.007430225323318964
11/13/2020,0.009170825627644192
11/12/2020,-0.007202463321048499
11/11/2020,0.002649289126127507
11/10/2020,6.406529580104146E-4
11/09/2020,-0.009081673662588182
11/06/2020,3.135385966012157E-4
11/05/2020,0.007088882131197404
11/04/2020,0.010855844483716239
11/03/2020,0.009864368677407224
11/02/2020,0.00425945027607547
10/30/2020,-0.007174542065041522
10/29/2020,0.010051355285200358
10/28/2020,-0.021376343313946475
10/27/2020,-0.0036642522368982426
10/26/2020,-0.011753869042430238
10/23/2020,1.4141822274806826E-4
10/22/2020,0.004359459066453332
10/21/2020,-0.0012645679683479828
10/20/2020,0.0010874052881623378
10/19/2020,-0.019103175466416246
10/16/2020,-0.0027737226277372417
10/15/2020,0.008576259801026241
10/14/2020,-0.007623447220428486
10/13/2020,-0.006247860079626368
10/12/2020,0.009771372735012891
10/09/2020,0.005046724109524907
10/08/2020,0.00365433220354768
10/07/2020,0.010308577776727218
10/06/2020,-0.014019843109184029
10/05/2020,0.01228294731340229
10/02/2020,0.002845214349464201
10/01/2020,-0.0014973994866901888
09/30/2020,0.0065215894840491805
09/29/2020,-0.004610674083535349
09/28/2020,0.005309097453432862
09/25/2020,0.01909375714471096
09/24/2020,0.006338844563472222
09/23/2020,-0.025056398733776908
09/22/2020,0.0060138056588030534
09/21/2020,-0.0013726689737245648
09/18/2020,-0.011291542810167544
09/17/2020,0.0030326933304650004
09/16/2020,-0.007545665346517308
09/15/2020,-0.001916231626331957
09/14/2020,0.00594013485711568
09/11/2020,-0.0034986727115459237
09/10/2020,-0.021499988278594336
09/09/2020,0.008647346149052434
09/08/2020,-0.011874681186756338
09/04/2020,-0.007713690062543396
09/03/2020,-0.03076802235226127
09/02/2020,0.010463462536966365
09/01/2020,0.005476929042264454
08/31/2020,-0.002683967142771687
08/28/2020,0.0038114968709671427
08/27/2020,-1.6929018633388926E-4
08/26/2020,0.008336304373661283
08/25/2020,0.0022322792822945833
08/24/2020,0.003858880251836568
08/21/2020,0.003292961332069201
08/20/2020,0.007448340713231503
08/19/2020,-0.005205585245143068
08/18/2020,8.089659407625055E-4
08/17/2020,3.342344847168041E-4
08/14/2020,0.0012438180166594595
08/13/2020,1.423086615573958E-4
08/12/2020,0.007417760903125018
08/11/2020,-0.010874273812137675
08/10/2020,0.0013200081047901205
08/07/2020,0.0033622251163904784
08/06/2020,0.007820845758718267
08/05/2020,0.0031350135800348143
08/04/2020,0.005042675809746178
08/03/2020,0.0019311125032691785
07/31/2020,2.0486477396079218E-4
07/30/2020,0.004474342154120225
07/29/2020,0.009673960870346693
07/28/2020,-0.004894458409471048
07/27/2020,0.006077941761081205
07/24/2020,-9.165532626188624E-4
07/23/2020,-0.010997542516902844
07/22/2020,0.006501047664108396
07/21/2020,-0.003432746319435035
07/20/2020,0.008544516777337082
07/17/2020,1.6127981738161653E-4
07/16/2020,0.002247254048797528
07/15/2020,1.7979032728036975E-4
07/14/2020,0.017958619723600844
07/13/2020,-0.015556553970571757
07/10/2020,0.010331581268021636
07/09/2020,-0.0075940519556572505
07/08/2020,0.005350341096138015
07/07/2020,-0.006669951112290108
07/06/2020,0.007742552982451641
07/02/2020,-0.004335738188851031
07/01/2020,0.0032003399958788555
06/30/2020,0.016421873975477067
06/29/2020,0.01147886927340236
06/26/2020,-0.020874007549134335
06/25/2020,0.012197203439900318
06/24/2020,-0.020572180837400516
06/23/2020,-0.0023608500334532942
06/22/2020,0.007574925187918916
06/19/2020,-0.013549704008228598
06/18/2020,0.004417018093653768
06/17/2020,-0.007219088494418384
06/16/2020,-0.001999361226445295
06/15/2020,0.024327267382822912
06/12/2020,-0.009680759612378874
06/11/2020,-0.03887588721734713
06/10/2020,-0.007244617883750085
06/09/2020,-0.001910796310358236
06/08/2020,0.010147128678216892
06/05/2020,0.009510594720339742
06/04/2020,2.5389193844886925E-4
06/03/2020,0.007735002742908709
06/02/2020,0.005233654617949726
06/01/2020,0.005577896392631193
05/29/2020,0.006326917164985727
05/28/2020,-0.0055405844528837326
05/27/2020,0.006791239036360326
05/26/2020,-0.004097760379217579
05/22/2020,0.0025101338172689187
05/21/2020,-0.00721897675045021
05/20/2020,0.006087424626645862
05/19/2020,-0.008699073116303076
05/18/2020,0.013744654856444622
05/15/2020,0.011926005759819079
05/14/2020,0.020740443865537812
05/13/2020,-0.01600217735688419
05/12/2020,-0.023602653512502163
05/11/2020,0.005096965830435035
05/08/2020,0.007209084064727143
05/07/2020,0.0010179761383613142
05/06/2020,-0.012042425966134076
05/05/2020,-1.5336995621986787E-4
05/04/2020,0.009850764295686184
05/01/2020,-0.013377063807688189
04/30/2020,-0.006305208962404174
04/29/2020,0.007212708072065466
04/28/2020,-0.01600365640764827
04/27/2020,0.008347783441052293
04/24/2020,0.008568462369873112
04/23/2020,-0.0044904320350694525
04/22/2020,0.004096287873624882
04/21/2020,-0.017326137151188054
04/20/2020,-0.00789283179061155
04/17/2020,0.011303708446646042
04/16/2020,7.501768273951587E-5
04/15/2020,-0.004392554119986746
04/14/2020,0.014601974974154233
04/13/2020,-0.0074861812928128085
04/09/2020,0.004620110263270801
04/08/2020,0.02420111731843576
04/07/2020,-0.028933963814288147
04/06/2020,0.03312285709853066
04/03/2020,-0.010445660299333569
04/02/2020,0.027805120111936404
04/01/2020,-0.011040479087939509
03/31/2020,-0.011511880949558038
03/30/2020,0.026444130083080004
03/27/2020,-0.005634089370742679
03/26/2020,0.05148543351630567
03/25/2020,0.007238268837197933
03/24/2020,0.04388681305556972
03/23/2020,-0.023272260565501503
03/20/2020,-0.05222990698783686
03/19/2020,0.006647224961144381
03/18/2020,-0.01576031192284018
03/17/2020,0.042681167187487205
03/16/2020,-0.04881626730553818
03/13/2020,0.05487569990544718
03/12/2020,-0.05709919950130385
03/11/2020,-0.029806058890147157
03/10/2020,0.024435929880432774
03/09/2020,-0.040968752291463684
03/06/2020,0.006150565296865505
03/05/2020,-0.01682868940403803
03/04/2020,0.02770089468932115
03/03/2020,-0.03006336267867182
03/02/2020,0.03898422475355374
02/28/2020,0.012794405019026948
02/27/2020,-0.027356377386091202
02/26/2020,-0.007487499601898219
02/25/2020,-0.034187110597911664
02/24/2020,-0.009737199971758514
02/21/2020,-0.006769825918762089
02/20/2020,-0.0021358103211110355
02/19/2020,0.0017039454027494515
02/18/2020,3.7102557405076816E-4
02/14/2020,6.157343816605667E-4
02/13/2020,0.00238866276478801
02/12/2020,0.0026553923750184893
02/11/2020,-0.002412452055486365
02/10/2020,0.01018901358535143
02/07/2020,-0.002347445990754099
02/06/2020,2.5710629850642986E-4
02/05/2020,0.0029414330011940776
02/04/2020,0.00517586668333024
02/03/2020,0.0040980819987267575
01/31/2020,-0.017307827061873712
01/30/2020,0.008355724792335224
01/29/2020,-0.004882260310202874
01/28/2020,0.006417128726557781
01/27/2020,-0.001087103807634901
01/24/2020,-0.011289790285320005
01/23/2020,0.0029465252414974446
01/22/2020,-0.0024834685677563445
01/21/2020,-7.226673652458317E-5
01/17/2020,0.0017932038776529598
01/16/2020,0.004190168242521169
01/15/2020,0.00213876372144887
01/14/2020,-6.696394600270346E-4
01/13/2020,0.0051969808598251975
01/10/2020,-0.005015524969452844
01/09/2020,0.0026545990085821676
01/08/2020,0.004464906023917827
01/07/2020,-0.001443615702097034
01/06/2020,0.008929154170098371
01/03/2020,0.0026314484434470367
01/02/2020,0.004062046371433716
12/31/2019,0.004851983403728676
12/30/2019,-0.005802307960581398
12/27/2019,-0.0022203539632240513
12/26/2019,0.003938398611799714
12/24/2019,-6.417709156860931E-4
12/23/2019,-6.323522574045547E-4
12/20/2019,-6.546025383687452E-4
12/19/2019,0.004087936046511542
12/18/2019,-0.001273781691970219
12/17/2019,-9.012956124429208E-4
12/16/2019,0.0024563155894371234
12/13/2019,6.789509418470911E-4
12/12/2019,0.008703596998627973
12/11/2019,0.0018751494857689897
12/10/2019,-9.057971014493218E-4
12/09/2019,-0.001877868523740743
12/06/2019,0.0036017124882760793
12/05/2019,-5.706573138712045E-4
12/04/2019,0.002983728048977032
12/03/2019,0.0018753583100397952
12/02/2019,-0.009536078375240556
11/29/2021,0.0057294085876317445
11/26/2021,-0.015008693079622654
11/24/2021,0.005492131794053675
11/23/2021,0.002611959439818115
11/22/2021,-0.006167232597623175
11/19/2021,-0.0022257902829811074
11/18/2021,8.126414676899941E-4
11/17/2021,-0.0027289163033074396
11/16/2021,0.00459031247462283
11/15/2021,-0.0013861343910604993
11/12/2021,0.005930950928416276
11/11/2021,-0.0021719581318584385
11/10/2021,-0.005042545811154021
11/09/2021,-0.00467364172287429
11/08/2021,4.67937755771065E-5
11/05/2021,-3.6814306933442137E-4
11/04/2021,0.003673655834421728
11/03/2021,0.006461295930376961
11/02/2021,0.0037521622078579707
11/01/2021,6.615162385970177E-4
10/29/2021,0.007109320842271969
10/28/2021,0.007359451569636438
10/27/2021,-0.006231141735549813
10/26/2021,-8.517720133923975E-4
10/25/2021,0.0028087111770893416
10/22/2021,-2.683607119918204E-4
10/21/2021,0.0038700510123029592
10/20/2021,0.002601438416415701
10/19/2021,0.004956263035483188
10/18/2021,0.005094405563072903
10/15/2021,0.005324112067163021
10/14/2021,0.01174217815011118
10/13/2021,0.0013285880482146583
10/12/2021,-0.004042753376019733
10/11/2021,-0.0055296617899230184
10/08/2021,-0.0034426337396261603
10/07/2021,0.00365670330973866
10/06/2021,0.010181568998766191
10/05/2021,0.008318116323694303
10/04/2021,-0.011124805695311877
10/01/2021,0.009237554318116565
09/30/2021,-0.014444009728485589
09/29/2021,-6.762317159551299E-4
09/28/2021,-0.015139584662657166
09/27/2021,2.2286655921041794E-4
09/24/2021,0.003929662643869726
09/23/2021,0.009583026039598245
09/22/2021,0.0064591762203401164
09/21/2021,-0.004631439380950798
09/20/2021,-0.01027038689969231
09/17/2021,-0.008221954744571273
09/16/2021,-7.460202944323535E-4
09/15/2021,0.00746713314701102
09/14/2021,-0.008099425583736797
09/13/2021,-0.0013587169064163253
09/10/2021,-0.010725728435383842
09/09/2021,-0.004374011194278042
09/08/2021,-8.89756512154569E-4
09/07/2021,-0.0033845014089228164
09/03/2021,6.641043857365862E-4
09/02/2021,5.447151602830434E-4
09/01/2021,-0.0010400105988341362
08/31/2021,-0.0015607925382194843
08/30/2021,0.003329818156038368
08/27/2021,0.00788314968373517
08/26/2021,-0.005285118219749653
08/25/2021,0.0012782683250007866
08/24/2021,4.080813486753919E-4
08/23/2021,0.006570358336198266
08/20/2021,0.0070535260828556165
08/19/2021,0.005330363906864802
08/18/2021,-0.009157971060180766
08/17/2021,-0.0031464864234937574
08/16/2021,0.0040478298387368805
08/13/2021,7.077521254960658E-4
08/12/2021,0.0033175291492730675
08/11/2021,0.001242633121575336
08/10/2021,2.1642142662299982E-4
08/09/2021,-0.0012213341385425725
08/06/2021,0.0016820686961372766
08/05/2021,0.004590755887009497
08/04/2021,-0.003009544945028808
08/03/2021,0.006922786233649125
08/02/2021,-0.004470303118320033
07/30/2021,3.18535102569048E-5
07/29/2021,0.0035334806373889236
07/28/2021,-5.246482471977857E-4
07/27/2021,-0.003378332480447804
07/26/2021,0.00288462846801742
07/23/2021,0.006982105359262336
07/22/2021,0.0014238971675679623
07/21/2021,0.006363235460491717
07/20/2021,0.013586988377791131
07/19/2021,-0.008823666325295564
07/16/2021,-0.009220525572247394
07/15/2021,-0.002057669683361644
07/14/2021,-0.0013264507055757713
07/13/2021,-0.0027071012332602934
07/12/2021,0.002794797377190212
07/09/2021,0.009278464814823386
07/08/2021,-5.785604028631798E-5
07/07/2021,0.0016364016630621143
07/06/2021,-0.002965710691708422
07/02/2021,0.005949244210234313
07/01/2021,0.004466683563023031
06/30/2021,0.0015964947035997726
06/29/2021,-3.2842558365415493E-4
06/28/2021,0.0013325865247730488
06/25/2021,0.0014621764203581748
06/24/2021,0.0022363324148395518
06/23/2021,-0.001748535630826069
06/22/2021,0.005167340890638409
06/21/2021,0.012313701059088593
06/18/2021,-0.009115815809626171
06/17/2021,3.5304961413330625E-4
06/16/2021,-0.0059239280090941995
06/15/2021,-0.002042168787952755
06/14/2021,0.001610051997146921
06/11/2021,0.001070022861721927
06/10/2021,0.002511493274306121
06/09/2021,-0.0031750606545254303
06/08/2021,-0.0015470698968541765
06/07/2021,-6.667707018115614E-4
06/04/2021,0.0056680258199498686
06/03/2021,3.3878652393099076E-4
06/02/2021,3.0902201663018193E-4
06/01/2021,-0.0034341115422197623
05/28/2021,-0.001581658461516721
05/27/2021,-2.5226443023924444E-4
05/26/2021,0.0010497209889325139
05/25/2021,-0.004234487415417123
05/24/2021,0.006448193834289411
05/21/2021,-0.0030585734813283086
05/20/2021,0.009012680829797315
05/19/2021,0.004204028352182038
05/18/2021,-0.009147995410399496
05/17/2021,-0.0015899585603561
05/14/2021,0.010720218521011928
05/13/2021,0.009204930564246837
05/12/2021,-0.016344070402246728
05/11/2021,4.240616431425421E-4
05/10/2021,-0.009426978755004901
05/07/2021,0.005286983949039797
05/06/2021,0.007790575514374562
05/05/2021,-0.002267144833926315
05/04/2021,-0.0034409816608599367
05/03/2021,1.6221451438229456E-4
04/30/2021,-0.004032776732331361
04/29/2021,0.0012671951004959243
04/28/2021,-4.6832364030833764E-4
04/27/2021,-3.653077060824319E-4
04/26/2021,6.188725050955777E-4
04/23/2021,0.010000531557608845
04/22/2021,-0.008507454813138233
04/21/2021,0.010900053773598616
04/20/2021,-0.005828071879553347
04/19/2021,-0.003957127135269621
04/16/2021,0.0027143315748872645
04/15/2021,0.007406226447909988
04/14/2021,-0.004085397360427681
04/13/2021,0.0027820149633180262
04/12/2021,7.95207420642844E-4
04/09/2021,0.007980742704663818
04/08/2021,0.0017653027543124622
04/07/2021,0.0013891990997204064
04/06/2021,-3.999440569049505E-4
04/05/2021,0.010774729578330524
04/01/2021,0.006784746467373532
03/31/2021,0.001421639674837702
03/30/2021,-0.0012085766045809754
03/29/2021,4.484406609713527E-4
03/26/2021,0.014658728862021096
03/25/2021,0.007779673862048656
03/24/2021,-0.007854732099807896
03/23/2021,-0.006877285656237284
03/22/2021,0.00615603807500616
03/19/2021,-1.0221970080284279E-5
03/18/2021,-0.009621854053370422
03/17/2021,0.006215866537369822
03/16/2021,-0.0027380781610584154
03/15/2021,0.0065889585489074245
03/12/2021,0.0047954909135385125
03/11/2021,0.0060783442385980435
03/10/2021,0.0017523169381216716
03/09/2021,0.006103433863024567
03/08/2021,-0.005993148457882776
03/05/2021,0.012747852951565573
03/04/2021,-0.0131097568959784
03/03/2021,-0.011457068988273774
03/02/2021,-0.008543308296871615
03/01/2021,0.01543522333058338
02/26/2021,-0.0074251366006364535
02/25/2021,-0.022079779355431848
02/24/2021,0.013351541545443464
02/23/2021,0.00630011900224775
02/22/2021,-0.0023291425924258295
02/19/2021,-0.003685133990961812
02/18/2021,-4.826525973860984E-4
02/17/2021,0.0032742120709454963
02/16/2021,-0.0017819022695139827
02/12/2021,0.00592588805235638
02/11/2021,-5.106730671019765E-6
02/10/2021,-0.0027800590698789755
02/09/2021,1.89234597198877E-4
02/08/2021,0.00590866235591213
02/05/2021,0.0021994172704534833
02/04/2021,0.009143369493257137
02/03/2021,-0.0026300234098123073
02/02/2021,0.009090573441917327
02/01/2021,0.01144145134100029
01/29/2021,-0.016889665303529703
01/28/2021,0.008421753311588925
01/27/2021,-0.022429974744776274
01/26/2021,-0.0034533104148114775
01/25/2021,9.55427242138571E-4
01/22/2021,-7.205585499344427E-4
01/21/2021,-0.001138054574771967
01/20/2021,0.009336463830701613
01/19/2021,0.0045030513924290945
01/15/2021,-0.00540550527485464
01/14/2021,-0.00509570168126702
01/13/2021,0.0020014570396846396
01/12/2021,-1.1310967429670412E-4
01/11/2021,-9.281803983023884E-4
01/08/2021,0.002524213313062648
01/07/2021,0.010380613646203804
01/06/2021,0.009681590431550039
01/05/2021,0.007798767989356505
01/04/2021,-0.0169898077091651
12/31/2020,0.006107246462216819
12/30/2020,-0.0011107572152380073
12/29/2020,-0.006125316999154737
12/28/2020,0.003311818599366625
12/24/2020,0.0024444847497177187
12/23/2020,-9.232635335271522E-4
12/22/2020,-0.0029258425994028547
12/21/2020,0.0028879455415983237
12/18/2020,-0.003487007003564919
12/17/2020,0.002377714647314617
12/16/2020,0.0013310787960771249
12/15/2020,0.0076941749558832855
12/14/2020,-0.007558628345672618
12/11/2020,0.002018555392661022
12/10/2020,0.0024514023825334985
12/09/2020,-0.008947700743123238
12/08/2020,0.005213070688695461
12/07/2020,-7.497164880789616E-4
12/04/2020,0.00767650792440079
12/03/2020,-4.252674277864285E-4
12/02/2020,0.004168285994230637
12/01/2020,0.004547611406879546
11/30/2020,-0.003453323720894322
11/30/2022,0.031065051374969118
11/29/2022,-0.0016548147288601065
11/28/2022,-0.010341142868556153
11/25/2022,6.909682005497287E-4
11/23/2022,0.006558327626455313
11/22/2022,0.009600278400508309
11/21/2022,-0.0015898974528781096
11/18/2022,-2.6472434631988464E-4
11/17/2022,0.006965600649102057
11/16/2022,-0.004533773215785527
11/15/2022,-0.003664128234504166
11/14/2022,-0.005208686842786597
11/11/2022,0.007369339913011019
11/10/2022,0.024995530960726865
11/09/2022,-0.016366040924286368
11/08/2022,0.0029054078836370117
11/07/2022,0.006900820216308615
11/04/2022,9.477087746683454E-4
11/03/2022,-0.0035786513091810427
11/02/2022,-0.024192166939188672
11/01/2022,-0.011710010021041639
10/31/2022,-0.002542602109818744
10/28/2022,0.02436808411190405
10/27/2022,-0.007142689500324635
10/26/2022,0.0012101506284681034
10/25/2022,0.01570494599204095
10/24/2022,0.009391256269919518
10/21/2022,0.026154603374258317
10/20/2022,-0.006307857036364371
10/19/2022,-0.002146844139115574
10/18/2022,-0.007014996289632914
10/17/2022,0.010800709054182107
10/14/2022,-0.02908619909440948
10/13/2022,0.04247848947695838
10/12/2022,-0.0038431226206753666
10/11/2022,-0.0019522450818441157
10/10/2022,-0.009628486282422898
10/07/2022,-0.018096764272649262
10/06/2022,-0.00727736434807271
10/05/2022,0.008001065743022766
10/04/2022,0.017300601643382672
10/03/2022,0.019017779476865525
09/30/2022,-0.013171945352664699
09/29/2022,-0.012622694269882755
09/28/2022,0.018373795845495793
09/27/2022,-0.010620001953103832
09/26/2022,-0.00751618369031581
09/23/2022,-0.009098128860198397
09/22/2022,-0.006443067291320854
09/21/2022,-0.021044066745880108
09/20/2022,-0.0049803495534459065
09/19/2022,0.012982121659986861
09/16/2022,-0.001963436787384504
09/15/2022,-0.00789846430051799
09/14/2022,0.0013398532759159344
09/13/2022,-0.025867450063411502
09/12/2022,0.006548031550051738
09/09/2022,0.011041675988207647
09/08/2022,0.011676944600170654
09/07/2022,0.01801797192941172
09/06/2022,-0.005774773651768383
09/02/2022,-0.018048789032101387
09/01/2022,0.007651020008992207
08/31/2022,-0.011415587889028606
08/30/2022,-0.013631920816579065
08/29/2022,-9.839933772535928E-4
08/26/2022,-0.03360055635738339
08/25/2022,0.01104192850917103
08/24/2022,0.003445977874980372
08/23/2022,-0.001054900812709276
08/22/2022,-0.013608798878686497
08/19/2022,-0.00886714748811053
08/18/2022,0.0024829574574140438
08/17/2022,-0.0014858424446312665
08/16/2022,0.0034355290574902882
08/15/2022,0.006504472556841042
08/12/2022,0.013048458942206
08/11/2022,-0.004761792118086579
08/10/2022,0.006988725239295517
08/09/2022,-0.002574332645392796
08/08/2022,-0.0038186398712201338
08/05/2022,0.0071236457905618274
08/04/2022,-7.003862955343186E-4
08/03/2022,0.01149232222319595
08/02/2022,-0.003172352291914883
08/01/2022,0.001519801185688093
07/29/2022,0.010510528878265283
07/28/2022,0.011499877053150228
07/27/2022,0.01826680467577568
07/26/2022,-0.008137670051249265
07/25/2022,2.824203423338878E-4
07/22/2022,-0.009203612417873947
07/21/2022,0.010992372587834068
07/20/2022,0.006245997784170011
07/19/2022,0.01967503555027159
07/18/2022,-0.01363101506518119
07/15/2022,0.011828182294394933
07/14/2022,0.0070111769691206215
07/13/2022,0.005849717038789134
07/12/2022,-0.008606030711717347
07/11/2022,-0.006830819337583219
07/08/2022,0.002859891056667993
07/07/2022,0.011342757557303337
07/06/2022,0.0034185982181535158
07/05/2022,0.010225148380666545
07/01/2022,0.01170300549049478
06/30/2022,-1.6112034104677313E-4
06/29/2022,-0.0016365627998296034
06/28/2022,-0.0233708152312803
06/27/2022,-0.005266836021587674
06/24/2022,0.02354680447438995
06/23/2022,0.005568639710070438
06/22/2022,0.00696324744435428
06/21/2022,0.01331786580393023
06/17/2022,0.0024386917264519093
06/16/2022,-0.016471844170614043
06/15/2022,0.006891513130803151
06/14/2022,-0.007450471898648064
06/13/2022,-0.023063194507770664
06/10/2022,-0.018500952347404193
06/09/2022,-0.020438116367803075
06/08/2022,-0.007559462952603121
06/07/2022,0.01567447094693725
06/06/2022,-0.0032142442535407385
06/03/2022,-0.007016195496390333
06/02/2022,0.019878351618030882
06/01/2022,-0.011699415390695455
05/31/2022,-0.004562657037067495
05/27/2022,0.019863878839904293
05/26/2022,0.018380765948903338
05/25/2022,0.012505121399433496
05/24/2022,-3.702820737825167E-4
05/23/2022,0.013861744850003297
05/20/2022,-0.00672138827219588
05/19/2022,4.5909207489098835E-4
05/18/2022,-0.03166353239650743
05/17/2022,0.00909427443237905
05/16/2022,-0.0012484363397141712
05/13/2022,0.015134085118191625
05/12/2022,0.0066932209685062844
05/11/2022,-0.013759122624107811
05/10/2022,-0.008458110914506826
05/09/2022,-0.022059309969690855
05/06/2022,-0.001170009955985322
05/05/2022,-0.028933854436204408
05/04/2022,0.02845847344529529
05/03/2022,0.0037742380606666263
05/02/2022,0.005996692982392538
04/29/2022,-0.028638260358507132
04/28/2022,0.015374486688233277
04/27/2022,-6.114863896506884E-4
04/26/2022,-0.024061858658202047
04/25/2022,0.009583253042060034
04/22/2022,-0.026004199889188635
04/21/2022,-0.02127564783690531
04/20/2022,-0.0028643236305582413
04/19/2022,0.016302899583886577
04/18/2022,0.0013817855131416674
04/14/2022,-0.012705883410651937
04/13/2022,0.011899506178458448
04/12/2022,-0.009045450345795876
04/11/2022,-0.011228779377229752
04/08/2022,-0.001306142429602904
04/07/2022,0.005712178606148057
04/06/2022,-0.002897086670063757
04/05/2022,-0.010351124670581401
04/04/2022,0.007623181331451191
04/01/2022,0.0012201783134228345
03/31/2022,-0.01491839565820557
03/30/2022,-0.004703516283897756
03/29/2022,0.006243943982654414
03/28/2022,0.007581880121292529
03/25/2022,0.0044550963870606634
03/24/2022,0.011226001011190272
03/23/2022,-0.008203690102601895
03/22/2022,0.009511982278310915
03/21/2022,-2.733954822515564E-4
03/18/2022,0.012656159951353819
03/17/2022,0.015318369385355125
03/16/2022,0.016258797520603184
03/15/2022,0.01757774265783684
03/14/2022,-0.007052525132353894
03/11/2022,-0.017569809557191167
03/10/2022,0.0016390165900460323
03/09/2022,0.012971513816864327
03/08/2022,-0.007604707494777126
03/07/2022,-0.029100926505831987
03/04/2022,-0.0030515047948928174
03/03/2022,-0.008592896205902473
03/02/2022,0.014801413976902473
03/01/2022,-0.013036482899929891
02/28/2022,0.004540474992937696
02/25/2022,0.020070352086134665
02/24/2022,0.0319868520153905
02/23/2022,-0.022989967467681623
02/22/2022,-0.006457807299768637
02/18/2022,-0.008142189541961884
02/17/2022,-0.01701054294601064
02/16/2022,0.0043225046288504106
02/15/2022,0.00943494202217967
02/14/2022,-0.002479258307441537
02/11/2022,-0.019446238241383695
02/10/2022,-0.010796707399565992
02/09/2022,0.008836595557510511
02/08/2022,0.009267815768679497
02/07/2022,-0.004856017311213474
02/04/2022,0.003957356913886169
02/03/2022,-0.012781644878853346
02/02/2022,0.005034611585957349
02/01/2022,0.005967381852698433
01/31/2022,0.018899812491115376
01/28/2022,0.02206084142991907
01/27/2022,-0.012343114382113718
01/26/2022,-0.013270030373625076
01/25/2022,-0.002333602037264466
01/24/2022,0.0123521688030265
01/21/2022,-0.016424459562819647
01/20/2022,-0.014210474232245328
01/19/2022,-0.012046564647571948
01/18/2022,-0.011901369531803213
01/14/2022,0.005360080552135857
01/13/2022,-0.01574502066098257
01/12/2022,-4.7371415157579355E-4
01/11/2022,0.009408584878585645
01/10/2022,0.003211365872310039
01/07/2022,-0.004391548132474489
01/06/2022,5.667545207195342E-4
01/05/2022,-0.01825609493754161
01/04/2022,-0.0022832713429673896
01/03/2022,0.0038550565701298144
12/31/2021,-0.0018910163113244748
12/30/2021,-0.003233053065872935
12/29/2021,9.230178088142087E-4
12/28/2021,-0.0019059574725417878
12/27/2021,0.01208283076221112
12/23/2021,0.004640770754853342
12/22/2021,0.00993471473176286
12/21/2021,0.011810766579034317
12/20/2021,-0.004333137165151638
12/17/2021,-0.006847931219774245
12/16/2021,-0.010692648856886764
12/15/2021,0.015828886693727614
12/14/2021,-0.0019168682250014833
12/13/2021,-0.008774388043224408
12/10/2021,0.0052009113327815505
12/09/2021,-0.0050202515455127225
12/08/2021,0.002206418439262814
12/07/2021,0.011826501466978357
12/06/2021,0.009519893940026907
12/03/2021,-0.01112541916422075
12/02/2021,0.016065335769291568
12/01/2021,-0.019505433625473027
11/30/2021,-0.015785787403695923
