Date,Open,Close
12/10/2012,1418.07,1418.55
12/07/2012,1413.95,1418.07
12/06/2012,1409.43,1413.94
12/05/2012,1407.05,1409.28
12/04/2012,1409.46,1407.05
12/03/2012,1416.34,1409.46
11/30/2012,1415.95,1416.18
11/29/2012,1409.96,1415.95
11/28/2012,1398.77,1409.93
11/27/2012,1406.29,1398.94
11/26/2012,1409.15,1406.29
11/23/2012,1391.03,1409.15
11/21/2012,1387.79,1391.03
11/20/2012,1386.82,1387.81
11/19/2012,1359.88,1386.89
11/16/2012,1353.36,1359.88
11/15/2012,1355.41,1353.33
11/14/2012,1374.64,1355.49
11/13/2012,1380.03,1374.53
11/12/2012,1379.86,1380.03
11/09/2012,1377.55,1379.85
11/08/2012,1394.53,1377.51
11/07/2012,1428.27,1394.53
11/06/2012,1417.26,1428.39
11/05/2012,1414.02,1417.26
11/02/2012,1427.59,1414.2
11/01/2012,1410.99,1427.59
10/31/2012,1410.99,1412.16
10/26/2012,1412.97,1411.94
10/25/2012,1409.74,1412.97
10/24/2012,1413.2,1408.75
10/23/2012,1433.74,1413.11
10/22/2012,1433.21,1433.82
10/19/2012,1457.34,1433.19
10/18/2012,1460.94,1457.34
10/17/2012,1454.22,1460.91
10/16/2012,1440.31,1454.92
10/15/2012,1428.75,1440.13
10/12/2012,1432.84,1428.59
10/11/2012,1432.82,1432.84
10/10/2012,1441.48,1432.56
10/09/2012,1455.9,1441.48
10/08/2012,1460.93,1455.88
10/05/2012,1461.4,1460.93
10/04/2012,1451.08,1461.4
10/03/2012,1446.05,1450.99
10/02/2012,1444.99,1445.75
10/01/2012,1440.9,1444.49
09/28/2012,1447.13,1440.67
09/27/2012,1433.36,1447.15
09/26/2012,1441.6,1433.32
09/25/2012,1456.94,1441.59
09/24/2012,1459.76,1456.89
09/21/2012,1460.34,1460.15
09/20/2012,1461.05,1460.26
09/19/2012,1459.5,1461.05
09/18/2012,1461.19,1459.32
09/17/2012,1465.42,1461.19
09/14/2012,1460.07,1465.77
09/13/2012,1436.56,1459.99
09/12/2012,1433.56,1436.56
09/11/2012,1429.13,1433.56
09/10/2012,1437.92,1429.08
09/07/2012,1432.12,1437.92
09/06/2012,1403.74,1432.12
09/05/2012,1404.94,1403.44
09/04/2012,1406.54,1404.94
08/31/2012,1400.07,1406.58
08/30/2012,1410.08,1399.48
08/29/2012,1409.32,1410.49
08/28/2012,1410.44,1409.3
08/27/2012,1411.13,1410.44
08/24/2012,1401.99,1411.13
08/23/2012,1413.49,1402.08
08/22/2012,1413.09,1413.49
08/21/2012,1418.13,1413.17
08/20/2012,1417.85,1418.13
08/17/2012,1415.84,1418.16
08/16/2012,1405.57,1415.51
08/15/2012,1403.89,1405.53
08/14/2012,1404.36,1403.93
08/13/2012,1405.87,1404.11
08/10/2012,1402.58,1405.87
08/09/2012,1402.26,1402.8
08/08/2012,1401.23,1402.22
08/07/2012,1394.46,1401.35
08/06/2012,1391.04,1394.23
08/03/2012,1365.45,1390.99
08/02/2012,1375.13,1365.0
08/01/2012,1379.32,1375.14
07/31/2012,1385.27,1379.32
07/30/2012,1385.94,1385.3
07/27/2012,1360.05,1385.97
07/26/2012,1338.17,1360.02
07/25/2012,1338.35,1337.89
07/24/2012,1350.52,1338.31
07/23/2012,1362.34,1350.52
07/20/2012,1376.51,1362.66
07/19/2012,1373.01,1376.51
07/18/2012,1363.58,1372.78
07/17/2012,1353.68,1363.67
07/16/2012,1356.5,1353.64
07/13/2012,1334.81,1356.78
07/12/2012,1341.29,1334.76
07/11/2012,1341.4,1341.45
07/10/2012,1352.96,1341.47
07/09/2012,1354.66,1352.46
07/06/2012,1367.09,1354.68
07/05/2012,1373.72,1367.58
07/03/2012,1365.75,1374.02
07/02/2012,1362.33,1365.51
06/29/2012,1330.12,1362.16
06/28/2012,1331.52,1329.04
06/27/2012,1320.71,1331.85
06/26/2012,1314.09,1319.99
06/25/2012,1334.9,1313.72
06/22/2012,1325.92,1335.02
06/21/2012,1355.43,1325.51
06/20/2012,1358.04,1355.69
06/19/2012,1344.83,1357.98
06/18/2012,1342.42,1344.78
06/15/2012,1329.19,1342.84
06/14/2012,1314.88,1329.1
06/13/2012,1324.02,1314.88
06/12/2012,1309.4,1324.18
06/11/2012,1325.72,1308.93
06/08/2012,1314.99,1325.66
06/07/2012,1316.15,1314.99
06/06/2012,1285.61,1315.13
06/05/2012,1277.82,1285.5
06/04/2012,1278.29,1278.18
06/01/2012,1309.87,1278.04
05/31/2012,1313.09,1310.33
05/30/2012,1331.25,1313.32
05/29/2012,1318.9,1332.42
05/25/2012,1320.81,1317.82
05/24/2012,1318.72,1320.68
05/23/2012,1316.02,1318.86
05/22/2012,1316.09,1316.63
05/21/2012,1295.73,1315.99
05/18/2012,1305.05,1295.22
05/17/2012,1324.82,1304.86
05/16/2012,1330.78,1324.8
05/15/2012,1338.36,1330.66
05/14/2012,1351.93,1338.35
05/11/2012,1358.11,1353.39
05/10/2012,1354.58,1357.99
05/09/2012,1363.2,1354.58
05/08/2012,1369.16,1363.72
05/07/2012,1368.79,1369.58
05/04/2012,1391.51,1369.1
05/03/2012,1402.32,1391.57
05/02/2012,1405.5,1402.31
05/01/2012,1397.86,1405.82
04/30/2012,1403.26,1397.91
04/27/2012,1400.19,1403.36
04/26/2012,1390.64,1399.98
04/25/2012,1372.11,1390.69
04/24/2012,1366.97,1371.97
04/23/2012,1378.53,1366.94
04/20/2012,1376.96,1378.53
04/19/2012,1385.08,1376.92
04/18/2012,1390.78,1385.14
04/17/2012,1369.57,1390.78
04/16/2012,1370.27,1369.57
04/13/2012,1387.61,1370.26
04/12/2012,1368.77,1387.57
04/11/2012,1358.98,1368.71
04/10/2012,1382.18,1358.59
04/09/2012,1397.45,1382.2
04/05/2012,1398.79,1398.08
04/04/2012,1413.09,1398.96
04/03/2012,1418.98,1413.38
04/02/2012,1408.47,1419.04
03/30/2012,1403.31,1408.47
03/29/2012,1405.39,1403.28
03/28/2012,1412.52,1405.54
03/27/2012,1416.55,1412.52
03/26/2012,1397.11,1416.51
03/23/2012,1392.78,1397.11
03/22/2012,1402.89,1392.78
03/21/2012,1405.52,1402.89
03/20/2012,1409.59,1405.52
03/19/2012,1404.17,1409.75
03/16/2012,1402.55,1404.17
03/15/2012,1394.17,1402.6
03/14/2012,1395.95,1394.28
03/13/2012,1371.92,1395.95
03/12/2012,1370.78,1371.09
03/09/2012,1365.97,1370.87
03/08/2012,1352.65,1365.91
03/07/2012,1343.39,1352.63
03/06/2012,1363.63,1343.36
03/05/2012,1369.59,1364.33
03/02/2012,1374.09,1369.63
03/01/2012,1365.9,1374.09
02/29/2012,1372.2,1365.68
02/28/2012,1367.56,1372.18
02/27/2012,1365.2,1367.59
02/24/2012,1363.46,1365.74
02/23/2012,1357.53,1363.46
02/22/2012,1362.11,1357.66
02/21/2012,1361.22,1362.21
02/17/2012,1358.06,1361.23
02/16/2012,1342.61,1358.04
02/15/2012,1350.52,1343.23
02/14/2012,1351.3,1350.5
02/13/2012,1343.06,1351.77
02/10/2012,1351.21,1342.64
02/09/2012,1349.97,1351.95
02/08/2012,1347.04,1349.96
02/07/2012,1344.33,1347.05
02/06/2012,1344.32,1344.33
02/03/2012,1326.21,1344.9
02/02/2012,1324.24,1325.54
02/01/2012,1312.45,1324.09
01/31/2012,1313.53,1312.41
01/30/2012,1316.16,1313.01
01/27/2012,1318.25,1316.33
01/26/2012,1326.28,1318.43
01/25/2012,1314.4,1326.05
01/24/2012,1315.96,1314.65
01/23/2012,1315.29,1316.0
01/20/2012,1314.49,1315.38
01/19/2012,1308.07,1314.5
01/18/2012,1293.65,1308.04
01/17/2012,1290.22,1293.67
01/13/2012,1294.82,1289.09
01/12/2012,1292.48,1295.5
01/11/2012,1292.02,1292.48
01/10/2012,1280.77,1292.08
01/09/2012,1277.83,1280.7
01/06/2012,1280.93,1277.81
01/05/2012,1277.3,1281.06
01/04/2012,1277.03,1277.3
01/03/2012,1258.86,1277.06
12/09/2013,1806.21,1808.37
12/06/2013,1788.36,1805.09
12/05/2013,1792.82,1785.03
12/04/2013,1793.15,1792.81
12/03/2013,1800.1,1795.15
12/02/2013,1806.55,1800.9
11/29/2013,1808.69,1805.81
11/27/2013,1803.48,1807.23
11/26/2013,1802.87,1802.75
11/25/2013,1806.33,1802.48
11/22/2013,1797.21,1804.76
11/21/2013,1783.52,1795.85
11/20/2013,1789.59,1781.37
11/19/2013,1790.79,1787.87
11/18/2013,1798.82,1791.53
11/15/2013,1790.66,1798.18
11/14/2013,1782.75,1790.62
11/13/2013,1764.37,1782.0
11/12/2013,1769.51,1767.69
11/11/2013,1769.96,1771.89
11/08/2013,1748.37,1770.61
11/07/2013,1770.74,1747.15
11/06/2013,1765.0,1770.49
11/05/2013,1765.67,1762.97
11/04/2013,1763.4,1767.93
11/01/2013,1758.7,1761.64
10/31/2013,1763.24,1756.54
10/30/2013,1772.27,1763.31
10/29/2013,1762.93,1771.95
10/28/2013,1759.42,1762.11
10/25/2013,1756.01,1759.77
10/24/2013,1747.48,1752.07
10/23/2013,1752.27,1746.38
10/22/2013,1746.48,1754.67
10/21/2013,1745.2,1744.66
10/18/2013,1736.72,1744.5
10/17/2013,1720.17,1733.15
10/16/2013,1700.49,1721.54
10/15/2013,1709.17,1698.06
10/14/2013,1699.86,1710.14
10/11/2013,1691.09,1703.2
10/10/2013,1660.88,1692.56
10/09/2013,1656.99,1656.4
10/08/2013,1676.22,1655.45
10/07/2013,1687.15,1676.12
10/04/2013,1678.79,1690.5
10/03/2013,1692.35,1678.66
10/02/2013,1691.9,1693.87
10/01/2013,1682.41,1695.0
09/30/2013,1687.26,1681.55
09/27/2013,1695.52,1691.75
09/26/2013,1694.05,1698.67
09/25/2013,1698.02,1692.77
09/24/2013,1702.6,1697.42
09/23/2013,1711.44,1701.84
09/20/2013,1722.44,1709.91
09/19/2013,1727.34,1722.34
09/18/2013,1705.74,1725.52
09/17/2013,1697.73,1704.76
09/16/2013,1691.7,1697.6
09/13/2013,1685.04,1687.99
09/12/2013,1689.21,1683.42
09/11/2013,1681.04,1689.13
09/10/2013,1674.32,1683.99
09/09/2013,1656.85,1671.71
09/06/2013,1657.44,1655.17
09/05/2013,1653.28,1655.08
09/04/2013,1640.72,1653.08
09/03/2013,1635.95,1639.77
08/30/2013,1638.89,1632.97
08/29/2013,1633.5,1638.17
08/28/2013,1630.25,1634.96
08/27/2013,1652.54,1630.48
08/26/2013,1664.29,1656.78
08/23/2013,1659.92,1663.5
08/22/2013,1645.03,1656.96
08/21/2013,1650.66,1642.8
08/20/2013,1646.81,1652.35
08/19/2013,1655.25,1646.06
08/16/2013,1661.22,1655.83
08/15/2013,1679.61,1661.32
08/14/2013,1693.88,1685.39
08/13/2013,1690.65,1694.16
08/12/2013,1688.37,1689.47
08/09/2013,1696.1,1691.42
08/08/2013,1693.35,1697.48
08/07/2013,1695.3,1690.91
08/06/2013,1705.79,1697.37
08/05/2013,1708.01,1707.14
08/02/2013,1706.1,1709.67
08/01/2013,1689.42,1706.87
07/31/2013,1687.76,1685.73
07/30/2013,1687.92,1685.96
07/29/2013,1690.32,1685.33
07/26/2013,1687.31,1691.65
07/25/2013,1685.21,1690.25
07/24/2013,1696.06,1685.94
07/23/2013,1696.63,1692.39
07/22/2013,1694.41,1695.53
07/19/2013,1686.15,1692.09
07/18/2013,1681.05,1689.37
07/17/2013,1677.91,1680.91
07/16/2013,1682.7,1676.26
07/15/2013,1679.59,1682.5
07/12/2013,1675.26,1680.19
07/11/2013,1657.41,1675.02
07/10/2013,1651.56,1652.62
07/09/2013,1642.89,1652.32
07/08/2013,1634.2,1640.46
07/05/2013,1618.65,1631.89
07/03/2013,1611.48,1615.41
07/02/2013,1614.29,1614.08
07/01/2013,1609.78,1614.96
06/28/2013,1611.12,1606.28
06/27/2013,1606.44,1613.2
06/26/2013,1592.27,1603.26
06/25/2013,1577.52,1588.03
06/24/2013,1588.77,1573.09
06/21/2013,1588.62,1592.43
06/20/2013,1624.62,1588.19
06/19/2013,1651.83,1628.93
06/18/2013,1639.77,1651.81
06/17/2013,1630.64,1639.04
06/14/2013,1635.52,1626.73
06/13/2013,1612.15,1636.36
06/12/2013,1629.94,1612.52
06/11/2013,1638.64,1626.13
06/10/2013,1644.67,1642.81
06/07/2013,1625.27,1643.38
06/06/2013,1609.29,1622.56
06/05/2013,1629.05,1608.9
06/04/2013,1640.73,1631.38
06/03/2013,1631.71,1640.42
05/31/2013,1652.13,1630.74
05/30/2013,1649.14,1654.41
05/29/2013,1656.57,1648.36
05/28/2013,1652.63,1660.06
05/24/2013,1646.67,1649.6
05/23/2013,1651.62,1650.51
05/22/2013,1669.39,1655.35
05/21/2013,1666.2,1669.16
05/20/2013,1665.71,1666.29
05/17/2013,1652.45,1667.47
05/16/2013,1658.07,1650.47
05/15/2013,1649.13,1658.78
05/14/2013,1633.75,1650.34
05/13/2013,1632.1,1633.77
05/10/2013,1626.69,1633.7
05/09/2013,1632.69,1626.67
05/08/2013,1625.95,1632.69
05/07/2013,1617.55,1625.96
05/06/2013,1614.4,1617.5
05/03/2013,1597.6,1614.42
05/02/2013,1582.77,1597.59
05/01/2013,1597.55,1582.7
04/30/2013,1593.58,1597.57
04/29/2013,1582.34,1593.61
04/26/2013,1585.16,1582.24
04/25/2013,1578.93,1585.16
04/24/2013,1578.78,1578.79
04/23/2013,1562.5,1578.78
04/22/2013,1555.25,1562.5
04/19/2013,1541.61,1555.25
04/18/2013,1552.03,1541.61
04/17/2013,1574.57,1552.01
04/16/2013,1552.36,1574.57
04/15/2013,1588.84,1552.36
04/12/2013,1593.3,1588.85
04/11/2013,1587.73,1593.37
04/10/2013,1568.61,1587.73
04/09/2013,1563.11,1568.61
04/08/2013,1553.26,1563.07
04/05/2013,1559.98,1553.28
04/04/2013,1553.69,1559.98
04/03/2013,1570.25,1553.69
04/02/2013,1562.17,1570.25
04/01/2013,1569.18,1562.17
03/28/2013,1562.86,1569.19
03/27/2013,1563.75,1562.85
03/26/2013,1551.69,1563.77
03/25/2013,1556.89,1551.69
03/22/2013,1545.9,1556.89
03/21/2013,1558.71,1545.8
03/20/2013,1548.34,1558.71
03/19/2013,1552.1,1548.34
03/18/2013,1560.7,1552.1
03/15/2013,1563.21,1560.7
03/14/2013,1554.52,1563.23
03/13/2013,1552.48,1554.52
03/12/2013,1556.22,1552.48
03/11/2013,1551.15,1556.22
03/08/2013,1544.26,1551.18
03/07/2013,1541.46,1544.26
03/06/2013,1539.79,1541.46
03/05/2013,1525.2,1539.79
03/04/2013,1518.2,1525.2
03/01/2013,1514.68,1518.2
02/28/2013,1515.99,1514.68
02/27/2013,1496.94,1515.99
02/26/2013,1487.85,1496.94
02/25/2013,1515.6,1487.85
02/22/2013,1502.42,1515.6
02/21/2013,1511.95,1502.42
02/20/2013,1530.94,1511.95
02/19/2013,1519.79,1530.94
02/15/2013,1521.38,1519.79
02/14/2013,1520.33,1521.38
02/13/2013,1519.43,1520.33
02/12/2013,1517.01,1519.43
02/11/2013,1517.93,1517.01
02/08/2013,1509.39,1517.93
02/07/2013,1512.12,1509.39
02/06/2013,1511.29,1512.12
02/05/2013,1495.71,1511.29
02/04/2013,1513.17,1495.71
02/01/2013,1498.11,1513.17
01/31/2013,1501.96,1498.11
01/30/2013,1507.84,1501.96
01/29/2013,1500.18,1507.84
01/28/2013,1502.96,1500.18
01/25/2013,1494.82,1502.96
01/24/2013,1494.81,1494.82
01/23/2013,1492.56,1494.81
01/22/2013,1485.98,1492.56
01/18/2013,1480.95,1485.98
01/17/2013,1472.63,1480.94
01/16/2013,1472.33,1472.63
01/15/2013,1470.67,1472.34
01/14/2013,1472.05,1470.68
01/11/2013,1472.12,1472.05
01/10/2013,1461.02,1472.12
01/09/2013,1457.15,1461.02
01/08/2013,1461.89,1457.15
01/07/2013,1466.47,1461.89
01/04/2013,1459.37,1466.47
01/03/2013,1462.42,1459.37
01/02/2013,1426.19,1462.42
12/31/2012,1402.43,1426.19
12/28/2012,1418.1,1402.43
12/27/2012,1419.83,1418.1
12/26/2012,1426.66,1419.83
12/24/2012,1430.15,1426.66
12/21/2012,1443.67,1430.15
12/20/2012,1435.81,1443.69
12/19/2012,1446.79,1435.81
12/18/2012,1430.47,1446.79
12/17/2012,1413.54,1430.36
12/14/2012,1419.45,1413.58
12/13/2012,1428.48,1419.45
12/12/2012,1427.84,1428.48
12/11/2012,1418.55,1427.84
12/10/2012,1418.07,1418.55
12/08/2014,2074.84,2060.31
12/05/2014,2072.78,2075.37
12/04/2014,2073.64,2071.92
12/03/2014,2067.45,2074.33
12/02/2014,2053.77,2066.55
12/01/2014,2065.78,2053.44
11/28/2014,2074.78,2067.56
11/26/2014,2067.36,2072.83
11/25/2014,2070.15,2067.03
11/24/2014,2065.07,2069.41
11/21/2014,2057.46,2063.5
11/20/2014,2045.87,2052.75
11/19/2014,2051.16,2048.72
11/18/2014,2041.48,2051.8
11/17/2014,2038.29,2041.32
11/14/2014,2039.74,2039.82
11/13/2014,2039.21,2039.33
11/12/2014,2037.75,2038.25
11/11/2014,2038.2,2039.68
11/10/2014,2032.01,2038.26
11/07/2014,2032.36,2031.92
11/06/2014,2023.33,2031.21
11/05/2014,2015.29,2023.57
11/04/2014,2015.81,2012.1
11/03/2014,2018.21,2017.81
10/31/2014,2001.2,2018.05
10/30/2014,1979.49,1994.65
10/29/2014,1983.29,1982.3
10/28/2014,1964.14,1985.05
10/27/2014,1962.97,1961.63
10/24/2014,1951.59,1964.58
10/23/2014,1931.02,1950.82
10/22/2014,1941.29,1927.11
10/21/2014,1909.38,1941.28
10/20/2014,1885.62,1904.01
10/17/2014,1864.91,1886.76
10/16/2014,1855.95,1862.76
10/15/2014,1874.18,1862.49
10/14/2014,1877.11,1877.7
10/13/2014,1905.65,1874.74
10/10/2014,1925.63,1906.13
10/09/2014,1967.68,1928.21
10/08/2014,1935.55,1968.89
10/07/2014,1962.36,1935.1
10/06/2014,1970.01,1964.82
10/03/2014,1948.12,1967.9
10/02/2014,1945.83,1946.17
10/01/2014,1971.44,1946.16
09/30/2014,1978.21,1972.29
09/29/2014,1978.96,1977.8
09/26/2014,1966.22,1982.85
09/25/2014,1997.32,1965.99
09/24/2014,1983.34,1998.3
09/23/2014,1992.78,1982.77
09/22/2014,2009.08,1994.29
09/19/2014,2012.74,2010.4
09/18/2014,2003.07,2011.36
09/17/2014,1999.3,2001.57
09/16/2014,1981.93,1998.98
09/15/2014,1986.04,1984.13
09/12/2014,1996.74,1985.54
09/11/2014,1992.85,1997.45
09/10/2014,1988.41,1995.69
09/09/2014,2000.73,1988.44
09/08/2014,2007.17,2001.54
09/05/2014,1998.0,2007.71
09/04/2014,2001.67,1997.65
09/03/2014,2003.57,2000.72
09/02/2014,2004.07,2002.28
08/29/2014,1998.45,2003.37
08/28/2014,1997.42,1996.74
08/27/2014,2000.54,2000.12
08/26/2014,1998.59,2000.02
08/25/2014,1991.74,1997.92
08/22/2014,1992.6,1988.4
08/21/2014,1986.82,1992.37
08/20/2014,1980.46,1986.51
08/19/2014,1972.73,1981.6
08/18/2014,1958.36,1971.74
08/15/2014,1958.87,1955.06
08/14/2014,1947.41,1955.18
08/13/2014,1935.6,1946.72
08/12/2014,1935.73,1933.75
08/11/2014,1933.43,1936.92
08/08/2014,1910.35,1931.59
08/07/2014,1923.03,1909.57
08/06/2014,1917.29,1920.24
08/05/2014,1936.34,1920.21
08/04/2014,1926.62,1938.99
08/01/2014,1929.8,1925.15
07/31/2014,1965.14,1930.67
07/30/2014,1973.21,1970.07
07/29/2014,1980.03,1969.95
07/28/2014,1978.25,1978.91
07/25/2014,1984.6,1978.34
07/24/2014,1988.07,1987.98
07/23/2014,1985.32,1987.01
07/22/2014,1975.65,1983.53
07/21/2014,1976.93,1973.63
07/18/2014,1961.54,1978.22
07/17/2014,1979.75,1958.12
07/16/2014,1976.35,1981.57
07/15/2014,1977.36,1973.28
07/14/2014,1969.86,1977.1
07/11/2014,1965.76,1967.57
07/10/2014,1966.67,1964.68
07/09/2014,1965.1,1972.83
07/08/2014,1976.39,1963.71
07/07/2014,1984.22,1977.65
07/03/2014,1975.88,1985.44
07/02/2014,1973.06,1974.62
07/01/2014,1962.29,1973.32
06/30/2014,1960.79,1960.23
06/27/2014,1956.56,1960.96
06/26/2014,1959.89,1957.22
06/25/2014,1949.27,1959.53
06/24/2014,1961.97,1949.98
06/23/2014,1962.92,1962.61
06/20/2014,1960.45,1962.87
06/19/2014,1957.5,1959.48
06/18/2014,1942.73,1956.98
06/17/2014,1937.15,1941.99
06/16/2014,1934.84,1937.78
06/13/2014,1930.8,1936.16
06/12/2014,1943.35,1930.11
06/11/2014,1949.37,1943.89
06/10/2014,1950.34,1950.79
06/09/2014,1948.97,1951.27
06/06/2014,1942.41,1949.44
06/05/2014,1928.52,1940.46
06/04/2014,1923.06,1927.88
06/03/2014,1923.07,1924.24
06/02/2014,1923.87,1924.97
05/30/2014,1920.33,1923.57
05/29/2014,1910.6,1920.03
05/28/2014,1911.77,1909.78
05/27/2014,1902.01,1911.91
05/23/2014,1893.32,1900.53
05/22/2014,1888.19,1892.49
05/21/2014,1873.34,1888.03
05/20/2014,1884.88,1872.83
05/19/2014,1876.66,1885.08
05/16/2014,1871.19,1877.86
05/15/2014,1888.16,1870.85
05/14/2014,1897.13,1888.53
05/13/2014,1896.75,1897.45
05/12/2014,1880.03,1896.65
05/09/2014,1875.27,1878.48
05/08/2014,1877.39,1875.63
05/07/2014,1868.53,1878.21
05/06/2014,1883.69,1867.72
05/05/2014,1879.45,1884.66
05/02/2014,1885.3,1881.14
05/01/2014,1884.39,1883.68
04/30/2014,1877.1,1883.95
04/29/2014,1870.78,1878.33
04/28/2014,1865.0,1869.43
04/25/2014,1877.72,1863.4
04/24/2014,1881.97,1878.61
04/23/2014,1879.32,1875.39
04/22/2014,1872.57,1879.55
04/21/2014,1865.79,1871.89
04/17/2014,1861.73,1864.85
04/16/2014,1846.01,1862.31
04/15/2014,1831.45,1842.98
04/14/2014,1818.18,1830.61
04/11/2014,1830.65,1815.69
04/10/2014,1872.28,1833.08
04/09/2014,1852.64,1872.18
04/08/2014,1845.48,1851.96
04/07/2014,1863.92,1845.04
04/04/2014,1890.25,1865.09
04/03/2014,1891.43,1888.77
04/02/2014,1886.61,1890.9
04/01/2014,1873.96,1885.52
03/31/2014,1859.16,1872.34
03/28/2014,1850.07,1857.62
03/27/2014,1852.11,1849.04
03/26/2014,1867.09,1852.56
03/25/2014,1859.48,1865.62
03/24/2014,1867.67,1857.44
03/21/2014,1874.53,1866.52
03/20/2014,1860.09,1872.01
03/19/2014,1872.25,1860.77
03/18/2014,1858.92,1872.25
03/17/2014,1842.81,1858.83
03/14/2014,1845.07,1841.13
03/13/2014,1869.06,1846.34
03/12/2014,1866.15,1868.2
03/11/2014,1878.26,1867.63
03/10/2014,1877.86,1877.17
03/07/2014,1878.52,1878.04
03/06/2014,1874.18,1877.03
03/05/2014,1874.05,1873.81
03/04/2014,1849.23,1873.91
03/03/2014,1857.68,1845.73
02/28/2014,1855.12,1859.45
02/27/2014,1844.9,1854.29
02/26/2014,1845.79,1845.16
02/25/2014,1847.66,1845.12
02/24/2014,1836.78,1847.61
02/21/2014,1841.07,1836.25
02/20/2014,1829.24,1839.78
02/19/2014,1838.9,1828.75
02/18/2014,1839.03,1840.76
02/14/2014,1828.46,1838.63
02/13/2014,1814.82,1829.83
02/12/2014,1820.12,1819.26
02/11/2014,1800.45,1819.75
02/10/2014,1796.2,1799.84
02/07/2014,1776.01,1797.02
02/06/2014,1752.99,1773.43
02/05/2014,1753.38,1751.64
02/04/2014,1743.82,1755.2
02/03/2014,1782.68,1741.89
01/31/2014,1790.88,1782.59
01/30/2014,1777.17,1794.19
01/29/2014,1790.15,1774.2
01/28/2014,1783.0,1792.5
01/27/2014,1791.03,1781.56
01/24/2014,1826.96,1790.29
01/23/2014,1842.29,1828.46
01/22/2014,1844.71,1844.86
01/21/2014,1841.05,1843.8
01/17/2014,1844.23,1838.7
01/16/2014,1847.99,1845.89
01/15/2014,1840.52,1848.38
01/14/2014,1821.36,1838.88
01/13/2014,1841.26,1819.2
01/10/2014,1840.06,1842.37
01/09/2014,1839.0,1838.13
01/08/2014,1837.9,1837.49
01/07/2014,1828.71,1837.88
01/06/2014,1832.31,1826.77
01/03/2014,1833.21,1831.37
01/02/2014,1845.86,1831.98
12/31/2013,1842.61,1848.36
12/30/2013,1841.47,1841.07
12/27/2013,1842.97,1841.4
12/26/2013,1834.96,1842.02
12/24/2013,1828.02,1833.32
12/23/2013,1822.92,1827.99
12/20/2013,1810.39,1818.32
12/19/2013,1809.0,1809.6
12/18/2013,1781.46,1810.65
12/17/2013,1786.47,1781.0
12/16/2013,1777.48,1786.54
12/13/2013,1777.98,1775.32
12/12/2013,1781.71,1775.5
12/11/2013,1802.76,1782.22
12/10/2013,1807.6,1802.62
12/09/2013,1806.21,1808.37
12/07/2015,2090.42,2077.07
12/04/2015,2051.24,2091.69
12/03/2015,2080.71,2049.62
12/02/2015,2101.71,2079.51
12/01/2015,2082.93,2102.63
11/30/2015,2090.95,2080.41
11/27/2015,2088.82,2090.11
11/25/2015,2089.3,2088.87
11/24/2015,2084.42,2089.14
11/23/2015,2089.41,2086.59
11/20/2015,2082.82,2089.17
11/19/2015,2083.7,2081.24
11/18/2015,2051.99,2083.58
11/17/2015,2053.67,2050.44
11/16/2015,2022.08,2053.19
11/13/2015,2044.64,2023.04
11/12/2015,2072.29,2045.97
11/11/2015,2083.41,2075.0
11/10/2015,2077.19,2081.72
11/09/2015,2096.56,2078.58
11/06/2015,2098.6,2099.2
11/05/2015,2101.68,2099.93
11/04/2015,2110.6,2102.31
11/03/2015,2102.63,2109.79
11/02/2015,2080.76,2104.05
10/30/2015,2090.0,2079.36
10/29/2015,2088.35,2089.41
10/28/2015,2066.48,2090.35
10/27/2015,2068.75,2065.89
10/26/2015,2075.08,2071.18
10/23/2015,2058.19,2075.15
10/22/2015,2021.88,2052.51
10/21/2015,2033.47,2018.94
10/20/2015,2033.13,2030.77
10/19/2015,2031.73,2033.66
10/16/2015,2024.37,2033.11
10/15/2015,1996.47,2023.86
10/14/2015,2003.66,1994.24
10/13/2015,2015.0,2003.69
10/12/2015,2015.65,2017.46
10/09/2015,2013.73,2014.89
10/08/2015,1994.01,2013.43
10/07/2015,1982.34,1995.83
10/06/2015,1986.63,1979.92
10/05/2015,1954.33,1987.05
10/02/2015,1921.77,1951.36
10/01/2015,1919.65,1923.82
09/30/2015,1887.14,1920.03
09/29/2015,1881.9,1884.09
09/28/2015,1929.18,1881.77
09/25/2015,1935.93,1931.34
09/24/2015,1934.81,1932.24
09/23/2015,1943.24,1938.76
09/22/2015,1961.39,1942.74
09/21/2015,1960.84,1966.97
09/18/2015,1989.66,1958.03
09/17/2015,1995.33,1990.2
09/16/2015,1978.02,1995.31
09/15/2015,1955.1,1978.09
09/14/2015,1963.06,1953.03
09/11/2015,1951.45,1961.05
09/10/2015,1941.59,1952.29
09/09/2015,1971.45,1942.04
09/08/2015,1927.3,1969.41
09/04/2015,1947.76,1921.22
09/03/2015,1950.79,1951.13
09/02/2015,1916.52,1948.86
09/01/2015,1970.09,1913.85
08/31/2015,1986.73,1972.18
08/28/2015,1986.06,1988.87
08/27/2015,1942.77,1987.66
08/26/2015,1872.75,1940.51
08/25/2015,1898.08,1867.61
08/24/2015,1965.15,1893.21
08/21/2015,2034.08,1970.89
08/20/2015,2076.61,2035.73
08/19/2015,2095.69,2079.61
08/18/2015,2101.99,2096.92
08/17/2015,2089.7,2102.44
08/14/2015,2083.15,2091.54
08/13/2015,2086.19,2083.39
08/12/2015,2081.1,2086.05
08/11/2015,2102.66,2084.07
08/10/2015,2080.98,2104.18
08/07/2015,2082.61,2077.57
08/06/2015,2100.75,2083.56
08/05/2015,2095.27,2099.84
08/04/2015,2097.68,2093.32
08/03/2015,2104.49,2098.04
07/31/2015,2111.6,2103.84
07/30/2015,2106.78,2108.63
07/29/2015,2094.7,2108.57
07/28/2015,2070.75,2093.25
07/27/2015,2078.19,2067.64
07/24/2015,2102.24,2079.65
07/23/2015,2114.16,2102.15
07/22/2015,2118.21,2114.15
07/21/2015,2127.55,2119.21
07/20/2015,2126.85,2128.28
07/17/2015,2126.8,2126.64
07/16/2015,2110.55,2124.29
07/15/2015,2109.01,2107.4
07/14/2015,2099.72,2108.95
07/13/2015,2080.03,2099.6
07/10/2015,2052.74,2076.62
07/09/2015,2049.73,2051.31
07/08/2015,2077.66,2046.68
07/07/2015,2069.52,2081.34
07/06/2015,2073.95,2068.76
07/02/2015,2078.03,2076.78
07/01/2015,2067.0,2077.42
06/30/2015,2061.19,2063.11
06/29/2015,2098.63,2057.64
06/26/2015,2102.62,2101.49
06/25/2015,2109.96,2102.31
06/24/2015,2123.65,2108.58
06/23/2015,2123.16,2124.2
06/22/2015,2112.5,2122.85
06/19/2015,2121.06,2109.99
06/18/2015,2101.58,2121.24
06/17/2015,2097.4,2100.44
06/16/2015,2084.26,2096.29
06/15/2015,2091.34,2084.43
06/12/2015,2107.43,2094.11
06/11/2015,2106.24,2108.86
06/10/2015,2081.12,2105.2
06/09/2015,2079.07,2080.15
06/08/2015,2092.34,2079.28
06/05/2015,2095.09,2092.83
06/04/2015,2112.35,2095.84
06/03/2015,2110.64,2114.07
06/02/2015,2110.41,2109.6
06/01/2015,2108.64,2111.73
05/29/2015,2120.66,2107.39
05/28/2015,2122.27,2120.79
05/27/2015,2105.13,2123.48
05/26/2015,2125.34,2104.2
05/22/2015,2130.36,2126.06
05/21/2015,2125.55,2130.82
05/20/2015,2127.79,2125.85
05/19/2015,2129.45,2127.83
05/18/2015,2121.3,2129.2
05/15/2015,2122.07,2122.73
05/14/2015,2100.43,2121.1
05/13/2015,2099.62,2098.48
05/12/2015,2102.87,2099.12
05/11/2015,2115.56,2105.33
05/08/2015,2092.13,2116.1
05/07/2015,2079.96,2088.0
05/06/2015,2091.26,2080.15
05/05/2015,2112.63,2089.46
05/04/2015,2110.23,2114.49
05/01/2015,2087.38,2108.29
04/30/2015,2105.52,2085.51
04/29/2015,2112.49,2106.85
04/28/2015,2108.35,2114.76
04/27/2015,2119.29,2108.92
04/24/2015,2112.8,2117.69
04/23/2015,2107.21,2112.93
04/22/2015,2098.27,2107.96
04/21/2015,2102.82,2097.29
04/20/2015,2084.11,2100.4
04/17/2015,2102.58,2081.18
04/16/2015,2105.96,2104.99
04/15/2015,2097.82,2106.63
04/14/2015,2092.28,2095.84
04/13/2015,2102.03,2092.43
04/10/2015,2091.51,2102.06
04/09/2015,2081.29,2091.18
04/08/2015,2076.94,2081.9
04/07/2015,2080.79,2076.33
04/06/2015,2064.87,2080.62
04/02/2015,2060.03,2066.96
04/01/2015,2067.63,2059.69
03/31/2015,2084.05,2067.89
03/30/2015,2064.11,2086.24
03/27/2015,2055.78,2061.02
03/26/2015,2059.94,2056.15
03/25/2015,2093.1,2061.05
03/24/2015,2103.94,2091.5
03/23/2015,2107.99,2104.42
03/20/2015,2090.32,2108.1
03/19/2015,2098.69,2089.27
03/18/2015,2072.84,2099.5
03/17/2015,2080.59,2074.28
03/16/2015,2055.35,2081.19
03/13/2015,2064.56,2053.4
03/12/2015,2041.1,2065.95
03/11/2015,2044.69,2040.24
03/10/2015,2076.14,2044.16
03/09/2015,2072.25,2079.43
03/06/2015,2100.91,2071.26
03/05/2015,2098.54,2101.04
03/04/2015,2107.72,2098.53
03/03/2015,2115.76,2107.78
03/02/2015,2105.23,2117.39
02/27/2015,2110.88,2104.5
02/26/2015,2113.91,2110.74
02/25/2015,2115.3,2113.86
02/24/2015,2109.1,2115.48
02/23/2015,2109.83,2109.66
02/20/2015,2097.65,2110.3
02/19/2015,2099.25,2097.45
02/18/2015,2099.16,2099.68
02/17/2015,2096.47,2100.34
02/13/2015,2088.78,2096.99
02/12/2015,2069.98,2088.48
02/11/2015,2068.55,2068.53
02/10/2015,2049.38,2068.59
02/09/2015,2053.47,2046.74
02/06/2015,2062.28,2055.47
02/05/2015,2043.45,2062.52
02/04/2015,2048.86,2041.51
02/03/2015,2022.71,2050.03
02/02/2015,1996.67,2020.85
01/30/2015,2019.35,1994.99
01/29/2015,2002.45,2021.25
01/28/2015,2032.34,2002.16
01/27/2015,2047.86,2029.55
01/26/2015,2050.42,2057.09
01/23/2015,2062.98,2051.82
01/22/2015,2034.3,2063.15
01/21/2015,2020.19,2032.12
01/20/2015,2020.76,2022.55
01/16/2015,1992.25,2019.42
01/15/2015,2013.75,1992.67
01/14/2015,2018.4,2011.27
01/13/2015,2031.58,2023.03
01/12/2015,2046.13,2028.26
01/09/2015,2063.45,2044.81
01/08/2015,2030.61,2062.14
01/07/2015,2005.55,2025.9
01/06/2015,2022.15,2002.61
01/05/2015,2054.44,2020.58
01/02/2015,2058.9,2058.2
12/31/2014,2082.11,2058.9
12/30/2014,2088.49,2080.35
12/29/2014,2087.63,2090.57
12/26/2014,2084.3,2088.77
12/24/2014,2083.25,2081.88
12/23/2014,2081.48,2082.17
12/22/2014,2069.28,2078.54
12/19/2014,2061.04,2070.65
12/18/2014,2018.98,2061.23
12/17/2014,1973.77,2012.89
12/16/2014,1986.71,1972.74
12/15/2014,2005.03,1989.63
12/12/2014,2030.36,2002.33
12/11/2014,2027.92,2035.33
12/10/2014,2058.86,2026.14
12/09/2014,2056.55,2059.82
12/08/2014,2074.84,2060.31
12/05/2016,2200.65,2204.71
12/02/2016,2191.12,2191.95
12/01/2016,2200.17,2191.08
11/30/2016,2204.97,2198.81
11/29/2016,2200.76,2204.66
11/28/2016,2210.21,2201.72
11/25/2016,2206.27,2213.35
11/23/2016,2198.55,2204.72
11/22/2016,2201.56,2202.94
11/21/2016,2186.43,2198.18
11/18/2016,2186.85,2181.9
11/17/2016,2178.61,2187.12
11/16/2016,2177.53,2176.94
11/15/2016,2168.29,2180.39
11/14/2016,2165.64,2164.2
11/11/2016,2162.71,2164.45
11/10/2016,2167.49,2167.48
11/09/2016,2131.56,2163.26
11/08/2016,2129.92,2139.56
11/07/2016,2100.59,2131.52
11/04/2016,2083.79,2085.18
11/03/2016,2098.8,2088.66
11/02/2016,2109.43,2097.94
11/01/2016,2128.68,2111.72
10/31/2016,2129.78,2126.15
10/28/2016,2132.23,2126.41
10/27/2016,2144.06,2133.04
10/26/2016,2136.97,2139.43
10/25/2016,2149.72,2143.16
10/24/2016,2148.5,2151.33
10/21/2016,2139.43,2141.16
10/20/2016,2142.51,2141.34
10/19/2016,2140.81,2144.29
10/18/2016,2138.31,2139.6
10/17/2016,2132.95,2126.5
10/14/2016,2139.68,2132.98
10/13/2016,2130.26,2132.55
10/12/2016,2137.67,2139.18
10/11/2016,2161.35,2136.73
10/10/2016,2160.39,2163.66
10/07/2016,2164.19,2153.74
10/06/2016,2158.22,2160.77
10/05/2016,2155.15,2159.73
10/04/2016,2163.37,2150.49
10/03/2016,2164.33,2161.2
09/30/2016,2156.51,2168.27
09/29/2016,2168.9,2151.13
09/28/2016,2161.85,2171.37
09/27/2016,2146.04,2159.93
09/26/2016,2158.54,2146.1
09/23/2016,2173.29,2164.69
09/22/2016,2170.94,2177.18
09/21/2016,2144.58,2163.12
09/20/2016,2145.94,2139.76
09/19/2016,2143.99,2139.12
09/16/2016,2146.48,2139.16
09/15/2016,2125.36,2147.26
09/14/2016,2127.86,2125.77
09/13/2016,2150.47,2127.02
09/12/2016,2120.86,2159.04
09/09/2016,2169.08,2127.81
09/08/2016,2182.76,2181.3
09/07/2016,2185.17,2186.16
09/06/2016,2181.61,2186.48
09/02/2016,2177.49,2179.98
09/01/2016,2171.33,2170.86
08/31/2016,2173.56,2170.95
08/30/2016,2179.45,2176.12
08/29/2016,2170.19,2180.38
08/26/2016,2175.1,2169.04
08/25/2016,2173.29,2172.47
08/24/2016,2185.09,2175.44
08/23/2016,2187.81,2186.9
08/22/2016,2181.58,2182.64
08/19/2016,2184.24,2183.87
08/18/2016,2181.9,2187.02
08/17/2016,2177.84,2182.22
08/16/2016,2186.24,2178.15
08/15/2016,2186.08,2190.15
08/12/2016,2183.74,2184.05
08/11/2016,2177.97,2185.79
08/10/2016,2182.81,2175.49
08/09/2016,2182.24,2181.74
08/08/2016,2183.76,2180.89
08/05/2016,2168.79,2182.87
08/04/2016,2163.51,2164.25
08/03/2016,2156.81,2163.79
08/02/2016,2169.94,2157.03
08/01/2016,2173.15,2170.84
07/29/2016,2168.83,2173.6
07/28/2016,2166.05,2170.06
07/27/2016,2169.81,2166.58
07/26/2016,2168.97,2169.18
07/25/2016,2173.71,2168.48
07/22/2016,2166.47,2175.03
07/21/2016,2172.91,2165.17
07/20/2016,2166.1,2173.02
07/19/2016,2163.79,2163.78
07/18/2016,2162.04,2166.89
07/15/2016,2165.13,2161.74
07/14/2016,2157.88,2163.75
07/13/2016,2153.81,2152.43
07/12/2016,2139.5,2152.14
07/11/2016,2131.72,2137.16
07/08/2016,2106.97,2129.9
07/07/2016,2100.42,2097.9
07/06/2016,2084.43,2099.73
07/05/2016,2095.05,2088.55
07/01/2016,2099.34,2102.95
06/30/2016,2073.17,2098.86
06/29/2016,2042.69,2070.77
06/28/2016,2006.67,2036.09
06/27/2016,2031.45,2000.54
06/24/2016,2103.81,2037.41
06/23/2016,2092.8,2113.32
06/22/2016,2089.75,2085.45
06/21/2016,2085.19,2088.9
06/20/2016,2075.58,2083.25
06/17/2016,2078.2,2071.22
06/16/2016,2066.36,2077.99
06/15/2016,2077.6,2071.5
06/14/2016,2076.65,2075.32
06/13/2016,2091.75,2079.06
06/10/2016,2109.57,2096.07
06/09/2016,2115.65,2115.48
06/08/2016,2112.71,2119.12
06/07/2016,2110.18,2112.13
06/06/2016,2100.83,2109.41
06/03/2016,2104.07,2099.13
06/02/2016,2097.71,2105.26
06/01/2016,2093.94,2099.33
05/31/2016,2100.13,2096.96
05/27/2016,2090.06,2099.06
05/26/2016,2091.44,2090.1
05/25/2016,2078.93,2090.54
05/24/2016,2052.65,2076.06
05/23/2016,2052.23,2048.04
05/20/2016,2041.88,2052.32
05/19/2016,2044.21,2040.04
05/18/2016,2044.38,2047.63
05/17/2016,2065.04,2047.21
05/16/2016,2046.53,2066.66
05/13/2016,2062.5,2046.61
05/12/2016,2067.17,2064.11
05/11/2016,2083.29,2064.46
05/10/2016,2062.63,2084.39
05/09/2016,2057.55,2058.69
05/06/2016,2047.77,2057.14
05/05/2016,2052.95,2050.63
05/04/2016,2060.3,2051.12
05/03/2016,2077.18,2063.37
05/02/2016,2067.17,2081.43
04/29/2016,2071.82,2065.3
04/28/2016,2090.93,2075.81
04/27/2016,2092.33,2095.15
04/26/2016,2089.84,2091.7
04/25/2016,2089.37,2087.79
04/22/2016,2091.49,2091.58
04/21/2016,2102.09,2091.48
04/20/2016,2101.52,2102.4
04/19/2016,2096.05,2100.8
04/18/2016,2078.83,2094.34
04/15/2016,2083.1,2080.73
04/14/2016,2082.89,2082.78
04/13/2016,2065.92,2082.42
04/12/2016,2043.72,2061.72
04/11/2016,2050.23,2041.99
04/08/2016,2045.54,2047.6
04/07/2016,2063.01,2041.91
04/06/2016,2045.56,2066.66
04/05/2016,2062.5,2045.17
04/04/2016,2073.19,2066.13
04/01/2016,2056.62,2072.78
03/31/2016,2063.77,2059.74
03/30/2016,2058.27,2063.95
03/29/2016,2035.75,2055.01
03/28/2016,2037.89,2037.05
03/24/2016,2032.48,2035.94
03/23/2016,2048.55,2036.71
03/22/2016,2048.64,2049.8
03/21/2016,2047.88,2051.6
03/18/2016,2041.16,2049.58
03/17/2016,2026.9,2040.59
03/16/2016,2014.24,2027.22
03/15/2016,2015.27,2015.93
03/14/2016,2019.27,2019.64
03/11/2016,1994.71,2022.19
03/10/2016,1990.97,1989.57
03/09/2016,1981.44,1989.26
03/08/2016,1996.88,1979.26
03/07/2016,1996.11,2001.76
03/04/2016,1994.01,1999.99
03/03/2016,1985.6,1993.4
03/02/2016,1976.6,1986.45
03/01/2016,1937.09,1978.35
02/29/2016,1947.13,1932.23
02/26/2016,1954.95,1948.05
02/25/2016,1931.87,1951.7
02/24/2016,1917.56,1929.8
02/23/2016,1942.38,1921.27
02/22/2016,1924.44,1945.5
02/19/2016,1916.74,1917.78
02/18/2016,1927.57,1917.83
02/17/2016,1898.8,1926.82
02/16/2016,1871.44,1895.58
02/12/2016,1833.4,1864.78
02/11/2016,1847.0,1829.08
02/10/2016,1857.1,1851.86
02/09/2016,1848.46,1852.21
02/08/2016,1873.25,1853.44
02/05/2016,1913.07,1880.05
02/04/2016,1911.67,1915.45
02/03/2016,1907.07,1912.53
02/02/2016,1935.26,1903.03
02/01/2016,1936.94,1939.38
01/29/2016,1894.0,1940.24
01/28/2016,1885.22,1893.36
01/27/2016,1902.52,1882.95
01/26/2016,1878.79,1903.63
01/25/2016,1906.28,1877.08
01/22/2016,1877.4,1906.9
01/21/2016,1861.46,1868.99
01/20/2016,1876.18,1859.33
01/19/2016,1888.66,1881.33
01/15/2016,1916.68,1880.33
01/14/2016,1891.68,1921.84
01/13/2016,1940.34,1890.28
01/12/2016,1927.83,1938.68
01/11/2016,1926.12,1923.67
01/08/2016,1945.97,1922.03
01/07/2016,1985.32,1943.09
01/06/2016,2011.71,1990.26
01/05/2016,2013.78,2016.71
01/04/2016,2038.2,2012.66
12/31/2015,2060.59,2043.94
12/30/2015,2077.34,2063.36
12/29/2015,2060.54,2078.36
12/28/2015,2057.77,2056.5
12/24/2015,2063.52,2060.99
12/23/2015,2042.2,2064.29
12/22/2015,2023.15,2038.97
12/21/2015,2010.27,2021.15
12/18/2015,2040.81,2005.55
12/17/2015,2073.76,2041.89
12/16/2015,2046.5,2073.07
12/15/2015,2025.55,2043.41
12/14/2015,2013.37,2021.94
12/11/2015,2047.27,2012.37
12/10/2015,2047.93,2052.23
12/09/2015,2061.17,2047.62
12/08/2015,2073.39,2063.59
12/07/2015,2090.42,2077.07
12/04/2017,2657.19,2639.44
12/01/2017,2645.1,2642.22
11/30/2017,2633.93,2647.58
11/29/2017,2627.82,2626.07
11/28/2017,2605.94,2627.04
11/27/2017,2602.66,2601.42
11/24/2017,2600.42,2602.42
11/22/2017,2600.31,2597.08
11/21/2017,2589.17,2599.03
11/20/2017,2579.49,2582.14
11/17/2017,2582.94,2578.85
11/16/2017,2572.95,2585.64
11/15/2017,2569.45,2564.62
11/14/2017,2577.75,2578.87
11/13/2017,2576.53,2584.84
11/10/2017,2580.18,2582.3
11/09/2017,2584.0,2584.62
11/08/2017,2588.71,2594.38
11/07/2017,2592.11,2590.64
11/06/2017,2587.47,2591.13
11/03/2017,2581.93,2587.84
11/02/2017,2579.46,2579.85
11/01/2017,2583.21,2579.36
10/31/2017,2575.99,2575.26
10/30/2017,2577.75,2572.83
10/27/2017,2570.26,2581.07
10/26/2017,2560.08,2560.4
10/25/2017,2566.52,2557.15
10/24/2017,2568.66,2569.13
10/23/2017,2578.08,2564.98
10/20/2017,2567.56,2575.21
10/19/2017,2553.39,2562.1
10/18/2017,2562.87,2561.26
10/17/2017,2557.17,2559.36
10/16/2017,2555.57,2557.64
10/13/2017,2555.66,2553.17
10/12/2017,2552.88,2550.93
10/11/2017,2550.62,2555.24
10/10/2017,2549.99,2550.64
10/09/2017,2551.39,2544.73
10/06/2017,2547.44,2549.33
10/05/2017,2540.86,2552.07
10/04/2017,2533.48,2537.74
10/03/2017,2530.34,2534.58
10/02/2017,2521.2,2529.12
09/29/2017,2509.96,2519.36
09/28/2017,2503.41,2510.06
09/27/2017,2503.3,2507.04
09/26/2017,2501.04,2496.84
09/25/2017,2499.39,2496.66
09/22/2017,2497.26,2502.22
09/21/2017,2507.16,2500.6
09/20/2017,2506.84,2508.24
09/19/2017,2506.29,2506.65
09/18/2017,2502.51,2503.87
09/15/2017,2495.67,2500.23
09/14/2017,2494.56,2495.62
09/13/2017,2493.89,2498.37
09/12/2017,2491.94,2496.48
09/11/2017,2474.52,2488.11
09/08/2017,2462.25,2461.43
09/07/2017,2468.06,2465.1
09/06/2017,2463.83,2465.54
09/05/2017,2470.35,2457.85
09/01/2017,2474.42,2476.55
08/31/2017,2462.65,2471.65
08/30/2017,2446.06,2457.59
08/29/2017,2431.94,2446.3
08/28/2017,2447.35,2444.24
08/25/2017,2444.72,2443.05
08/24/2017,2447.91,2438.97
08/23/2017,2444.88,2444.04
08/22/2017,2433.75,2452.51
08/21/2017,2425.5,2428.37
08/18/2017,2427.64,2425.55
08/17/2017,2462.95,2430.01
08/16/2017,2468.63,2468.11
08/15/2017,2468.66,2464.61
08/14/2017,2454.96,2465.84
08/11/2017,2441.04,2441.32
08/10/2017,2465.38,2438.21
08/09/2017,2465.35,2474.02
08/08/2017,2478.35,2474.92
08/07/2017,2477.14,2480.91
08/04/2017,2476.88,2476.83
08/03/2017,2476.03,2472.16
08/02/2017,2480.38,2477.57
08/01/2017,2477.1,2476.35
07/31/2017,2475.94,2470.3
07/28/2017,2469.12,2472.1
07/27/2017,2482.76,2475.42
07/26/2017,2479.97,2477.83
07/25/2017,2477.88,2477.13
07/24/2017,2472.04,2469.91
07/21/2017,2467.4,2472.54
07/20/2017,2475.56,2473.45
07/19/2017,2463.85,2473.83
07/18/2017,2455.88,2460.61
07/17/2017,2459.5,2459.14
07/14/2017,2449.16,2459.27
07/13/2017,2444.99,2447.83
07/12/2017,2435.75,2443.25
07/11/2017,2427.35,2425.53
07/10/2017,2424.51,2427.43
07/07/2017,2413.52,2425.18
07/06/2017,2423.44,2409.75
07/05/2017,2430.78,2432.54
07/03/2017,2431.39,2429.01
06/30/2017,2429.2,2423.41
06/29/2017,2442.38,2419.7
06/28/2017,2428.7,2440.69
06/27/2017,2436.34,2419.38
06/26/2017,2443.32,2439.07
06/23/2017,2434.65,2438.3
06/22/2017,2437.4,2434.5
06/21/2017,2439.31,2435.61
06/20/2017,2450.66,2437.03
06/19/2017,2442.55,2453.46
06/16/2017,2431.24,2433.15
06/15/2017,2424.14,2432.46
06/14/2017,2443.75,2437.92
06/13/2017,2434.15,2440.35
06/12/2017,2425.88,2429.39
06/09/2017,2436.39,2431.77
06/08/2017,2434.27,2433.79
06/07/2017,2432.03,2433.14
06/06/2017,2431.92,2429.33
06/05/2017,2437.83,2436.1
06/02/2017,2431.28,2439.07
06/01/2017,2415.65,2430.06
05/31/2017,2415.63,2411.8
05/30/2017,2411.67,2412.91
05/26/2017,2414.5,2415.82
05/25/2017,2409.54,2415.07
05/24/2017,2401.41,2404.39
05/23/2017,2397.04,2398.42
05/22/2017,2387.21,2394.02
05/19/2017,2371.37,2381.73
05/18/2017,2354.69,2365.72
05/17/2017,2382.95,2357.03
05/16/2017,2404.55,2400.67
05/15/2017,2393.98,2402.32
05/12/2017,2392.44,2390.9
05/11/2017,2394.84,2394.44
05/10/2017,2396.79,2399.63
05/09/2017,2401.58,2396.92
05/08/2017,2399.94,2399.38
05/05/2017,2392.37,2399.29
05/04/2017,2389.79,2389.52
05/03/2017,2386.5,2388.13
05/02/2017,2391.05,2391.17
05/01/2017,2388.5,2388.33
04/28/2017,2393.68,2384.2
04/27/2017,2389.7,2388.77
04/26/2017,2388.98,2387.45
04/25/2017,2381.51,2388.61
04/24/2017,2370.33,2374.15
04/21/2017,2354.74,2348.69
04/20/2017,2342.69,2355.84
04/19/2017,2346.79,2338.17
04/18/2017,2342.53,2342.19
04/17/2017,2332.62,2349.01
04/13/2017,2341.98,2328.95
04/12/2017,2352.15,2344.93
04/11/2017,2353.92,2353.78
04/10/2017,2357.16,2357.16
04/07/2017,2356.59,2355.54
04/06/2017,2353.79,2357.49
04/05/2017,2366.59,2352.95
04/04/2017,2354.76,2360.16
04/03/2017,2362.34,2358.84
03/31/2017,2364.82,2362.72
03/30/2017,2361.31,2368.06
03/29/2017,2356.54,2361.13
03/28/2017,2339.79,2358.57
03/27/2017,2329.11,2341.59
03/24/2017,2350.42,2343.98
03/23/2017,2345.97,2345.96
03/22/2017,2343.0,2348.45
03/21/2017,2379.32,2344.02
03/20/2017,2378.24,2373.47
03/17/2017,2383.71,2378.25
03/16/2017,2387.71,2381.38
03/15/2017,2370.34,2385.26
03/14/2017,2368.55,2365.45
03/13/2017,2371.56,2373.47
03/10/2017,2372.52,2372.6
03/09/2017,2363.49,2364.87
03/08/2017,2369.81,2362.98
03/07/2017,2370.74,2368.39
03/06/2017,2375.23,2375.31
03/03/2017,2380.92,2383.12
03/02/2017,2394.75,2381.92
03/01/2017,2380.13,2395.96
02/28/2017,2366.08,2363.64
02/27/2017,2365.23,2369.75
02/24/2017,2355.73,2367.34
02/23/2017,2367.5,2363.81
02/22/2017,2361.11,2362.82
02/21/2017,2354.91,2365.38
02/17/2017,2343.01,2351.16
02/16/2017,2349.64,2347.22
02/15/2017,2335.58,2349.25
02/14/2017,2326.12,2337.58
02/13/2017,2321.72,2328.25
02/10/2017,2312.27,2316.1
02/09/2017,2296.7,2307.87
02/08/2017,2289.55,2294.67
02/07/2017,2295.87,2293.08
02/06/2017,2294.28,2292.56
02/03/2017,2288.54,2297.42
02/02/2017,2276.69,2280.85
02/01/2017,2285.59,2279.55
01/31/2017,2274.02,2278.87
01/30/2017,2286.01,2280.9
01/27/2017,2299.02,2294.69
01/26/2017,2298.63,2296.68
01/25/2017,2288.88,2298.37
01/24/2017,2267.88,2280.07
01/23/2017,2267.78,2265.2
01/20/2017,2269.96,2271.31
01/19/2017,2271.9,2263.69
01/18/2017,2269.14,2271.89
01/17/2017,2269.14,2267.89
01/13/2017,2272.74,2274.64
01/12/2017,2271.14,2270.44
01/11/2017,2268.6,2275.32
01/10/2017,2269.72,2268.9
01/09/2017,2273.59,2268.9
01/06/2017,2271.14,2276.98
01/05/2017,2268.18,2269.0
01/04/2017,2261.6,2270.75
01/03/2017,2251.57,2257.83
12/30/2016,2251.61,2238.83
12/29/2016,2249.5,2249.26
12/28/2016,2270.23,2249.92
12/27/2016,2266.23,2268.88
12/23/2016,2260.25,2263.79
12/22/2016,2262.93,2260.96
12/21/2016,2270.54,2265.18
12/20/2016,2266.5,2270.76
12/19/2016,2259.24,2262.53
12/16/2016,2266.81,2258.07
12/15/2016,2253.77,2262.03
12/14/2016,2268.35,2253.28
12/13/2016,2263.32,2271.72
12/12/2016,2258.83,2256.96
12/09/2016,2249.73,2259.53
12/08/2016,2241.13,2246.19
12/07/2016,2210.72,2241.35
12/06/2016,2207.26,2212.23
12/05/2016,2200.65,2204.71
12/03/2018,2790.5,2790.37
11/30/2018,2737.76,2760.17
11/29/2018,2736.97,2737.76
11/28/2018,2691.45,2743.79
11/27/2018,2663.75,2682.17
11/26/2018,2649.97,2673.45
11/23/2018,2633.36,2632.56
11/21/2018,2657.74,2649.93
11/20/2018,2654.6,2641.89
11/19/2018,2730.74,2690.73
11/16/2018,2718.54,2736.27
11/15/2018,2693.52,2730.2
11/14/2018,2737.9,2701.58
11/13/2018,2730.05,2722.18
11/12/2018,2773.93,2726.22
11/09/2018,2794.1,2781.01
11/08/2018,2806.38,2806.83
11/07/2018,2774.13,2813.89
11/06/2018,2738.4,2755.45
11/05/2018,2726.37,2738.31
11/02/2018,2745.45,2723.06
11/01/2018,2717.58,2740.37
10/31/2018,2705.6,2711.74
10/30/2018,2640.68,2682.63
10/29/2018,2682.65,2641.25
10/26/2018,2667.86,2658.69
10/25/2018,2674.88,2705.57
10/24/2018,2737.87,2656.1
10/23/2018,2721.03,2740.69
10/22/2018,2773.94,2755.88
10/19/2018,2775.66,2767.78
10/18/2018,2802.0,2768.78
10/17/2018,2811.67,2809.21
10/16/2018,2767.05,2809.92
10/15/2018,2763.83,2750.79
10/12/2018,2770.54,2767.13
10/11/2018,2776.87,2728.37
10/10/2018,2873.9,2785.68
10/09/2018,2882.51,2880.34
10/08/2018,2877.53,2884.43
10/05/2018,2902.54,2885.57
10/04/2018,2919.35,2901.61
10/03/2018,2931.69,2925.51
10/02/2018,2923.8,2923.43
10/01/2018,2926.29,2924.59
09/28/2018,2910.03,2913.98
09/27/2018,2911.65,2914.0
09/26/2018,2916.98,2905.97
09/25/2018,2921.75,2915.56
09/24/2018,2921.83,2919.37
09/21/2018,2936.76,2929.67
09/20/2018,2919.73,2930.75
09/19/2018,2906.6,2907.95
09/18/2018,2890.74,2904.31
09/17/2018,2903.83,2888.8
09/14/2018,2906.38,2904.98
09/13/2018,2896.85,2904.18
09/12/2018,2888.29,2888.92
09/11/2018,2871.57,2887.89
09/10/2018,2881.39,2877.13
09/07/2018,2868.26,2871.68
09/06/2018,2888.64,2878.05
09/05/2018,2891.59,2888.6
09/04/2018,2896.96,2896.72
08/31/2018,2898.37,2901.52
08/30/2018,2908.94,2901.13
08/29/2018,2900.62,2914.04
08/28/2018,2901.45,2897.52
08/27/2018,2884.69,2896.74
08/24/2018,2862.35,2874.69
08/23/2018,2860.29,2856.98
08/22/2018,2860.99,2861.82
08/21/2018,2861.51,2862.96
08/20/2018,2853.93,2857.05
08/17/2018,2838.32,2850.13
08/16/2018,2831.44,2840.69
08/15/2018,2827.95,2818.37
08/14/2018,2827.88,2839.96
08/13/2018,2835.46,2821.93
08/10/2018,2839.64,2833.28
08/09/2018,2857.19,2853.58
08/08/2018,2856.79,2857.7
08/07/2018,2855.92,2858.45
08/06/2018,2840.29,2850.4
08/03/2018,2829.62,2840.35
08/02/2018,2800.48,2827.22
08/01/2018,2821.17,2813.36
07/31/2018,2809.73,2816.29
07/30/2018,2819.0,2802.6
07/27/2018,2842.35,2818.82
07/26/2018,2835.49,2837.44
07/25/2018,2817.73,2846.07
07/24/2018,2820.68,2820.4
07/23/2018,2799.17,2806.98
07/20/2018,2804.55,2801.83
07/19/2018,2809.37,2804.49
07/18/2018,2811.35,2815.62
07/17/2018,2789.34,2809.55
07/16/2018,2801.43,2798.43
07/13/2018,2796.93,2801.31
07/12/2018,2783.14,2798.29
07/11/2018,2779.82,2774.02
07/10/2018,2788.56,2793.84
07/09/2018,2768.51,2784.17
07/06/2018,2737.68,2759.82
07/05/2018,2724.19,2736.61
07/03/2018,2733.27,2713.22
07/02/2018,2704.95,2726.71
06/29/2018,2727.13,2718.37
06/28/2018,2698.69,2716.31
06/27/2018,2728.45,2699.63
06/26/2018,2722.12,2723.06
06/25/2018,2742.94,2717.07
06/22/2018,2760.79,2754.88
06/21/2018,2769.28,2749.76
06/20/2018,2769.73,2767.32
06/19/2018,2752.01,2762.59
06/18/2018,2765.79,2773.75
06/15/2018,2777.78,2779.66
06/14/2018,2783.21,2782.49
06/13/2018,2787.94,2775.63
06/12/2018,2785.6,2786.85
06/11/2018,2780.18,2782.0
06/08/2018,2765.84,2779.03
06/07/2018,2774.84,2770.37
06/06/2018,2753.25,2772.35
06/05/2018,2748.46,2748.8
06/04/2018,2741.67,2746.87
06/01/2018,2718.7,2734.62
05/31/2018,2720.98,2705.27
05/30/2018,2702.43,2724.01
05/29/2018,2705.11,2689.86
05/25/2018,2723.6,2721.33
05/24/2018,2730.94,2727.76
05/23/2018,2713.98,2733.29
05/22/2018,2738.34,2724.44
05/21/2018,2725.95,2733.01
05/18/2018,2717.35,2712.97
05/17/2018,2719.71,2720.13
05/16/2018,2712.62,2722.46
05/15/2018,2718.59,2711.45
05/14/2018,2733.37,2730.13
05/11/2018,2722.7,2727.72
05/10/2018,2705.02,2723.07
05/09/2018,2678.12,2697.79
05/08/2018,2670.26,2671.92
05/07/2018,2669.36,2672.63
05/04/2018,2621.45,2663.42
05/03/2018,2628.08,2629.73
05/02/2018,2654.24,2635.67
05/01/2018,2643.64,2654.8
04/30/2018,2675.05,2648.05
04/27/2018,2675.47,2669.91
04/26/2018,2651.65,2666.94
04/25/2018,2634.92,2639.4
04/24/2018,2680.8,2634.56
04/23/2018,2675.4,2670.29
04/20/2018,2692.56,2670.14
04/19/2018,2701.16,2693.13
04/18/2018,2710.11,2708.64
04/17/2018,2692.74,2706.39
04/16/2018,2670.1,2677.84
04/13/2018,2676.9,2656.3
04/12/2018,2653.83,2663.99
04/11/2018,2643.89,2642.19
04/10/2018,2638.41,2656.87
04/09/2018,2617.18,2613.16
04/06/2018,2645.82,2604.47
04/05/2018,2657.36,2662.84
04/04/2018,2584.04,2644.69
04/03/2018,2592.17,2614.45
04/02/2018,2633.45,2581.88
03/29/2018,2614.41,2640.87
03/28/2018,2611.3,2605.0
03/27/2018,2667.57,2612.62
03/26/2018,2619.35,2658.55
03/23/2018,2646.71,2588.26
03/22/2018,2691.36,2643.69
03/21/2018,2714.99,2711.93
03/20/2018,2715.05,2716.94
03/19/2018,2741.38,2712.92
03/16/2018,2750.57,2752.01
03/15/2018,2754.27,2747.33
03/14/2018,2774.06,2749.48
03/13/2018,2792.31,2765.31
03/12/2018,2790.54,2783.02
03/09/2018,2752.91,2786.57
03/08/2018,2732.75,2738.97
03/07/2018,2710.18,2726.8
03/06/2018,2730.18,2728.12
03/05/2018,2681.06,2720.94
03/02/2018,2658.89,2691.25
03/01/2018,2715.22,2677.67
02/28/2018,2753.78,2713.83
02/27/2018,2780.45,2744.28
02/26/2018,2757.37,2779.6
02/23/2018,2715.8,2747.3
02/22/2018,2710.42,2703.96
02/21/2018,2720.53,2701.33
02/20/2018,2726.01,2716.26
02/16/2018,2727.14,2732.22
02/15/2018,2713.46,2731.2
02/14/2018,2651.21,2698.63
02/13/2018,2646.27,2662.94
02/12/2018,2636.75,2656.0
02/09/2018,2601.78,2619.55
02/08/2018,2685.01,2581.0
02/07/2018,2690.95,2681.66
02/06/2018,2614.78,2695.14
02/05/2018,2741.06,2648.94
02/02/2018,2808.92,2762.13
02/01/2018,2816.45,2821.98
01/31/2018,2832.41,2823.81
01/30/2018,2832.74,2822.43
01/29/2018,2867.23,2853.53
01/26/2018,2847.48,2872.87
01/25/2018,2846.24,2839.25
01/24/2018,2845.42,2837.54
01/23/2018,2835.05,2839.13
01/22/2018,2809.16,2832.97
01/19/2018,2802.6,2810.3
01/18/2018,2802.4,2798.03
01/17/2018,2784.99,2802.56
01/16/2018,2798.96,2776.42
01/12/2018,2770.18,2786.24
01/11/2018,2752.97,2767.56
01/10/2018,2745.55,2748.23
01/09/2018,2751.15,2751.29
01/08/2018,2742.67,2747.71
01/05/2018,2731.33,2743.15
01/04/2018,2719.31,2723.99
01/03/2018,2697.85,2713.06
01/02/2018,2683.73,2695.81
12/29/2017,2689.15,2673.61
12/28/2017,2686.1,2687.54
12/27/2017,2682.1,2682.62
12/26/2017,2679.09,2680.5
12/22/2017,2684.22,2683.34
12/21/2017,2683.02,2684.57
12/20/2017,2688.18,2679.25
12/19/2017,2692.71,2681.47
12/18/2017,2685.92,2690.16
12/15/2017,2660.63,2675.81
12/14/2017,2665.87,2652.01
12/13/2017,2667.59,2662.85
12/12/2017,2661.73,2664.11
12/11/2017,2652.19,2659.99
12/08/2017,2646.21,2651.5
12/07/2017,2628.38,2636.98
12/06/2017,2626.24,2629.27
12/05/2017,2639.78,2629.57
12/04/2017,2657.19,2639.44
12/02/2019,3143.85,3113.87
11/29/2019,3147.18,3140.98
11/27/2019,3145.49,3153.63
11/26/2019,3134.85,3140.52
11/25/2019,3117.44,3133.64
11/22/2019,3111.41,3110.29
11/21/2019,3108.49,3103.54
11/20/2019,3114.66,3108.46
11/19/2019,3127.45,3120.18
11/18/2019,3117.91,3122.03
11/15/2019,3107.92,3120.46
11/14/2019,3090.75,3096.63
11/13/2019,3084.18,3094.04
11/12/2019,3089.28,3091.84
11/11/2019,3080.33,3087.01
11/08/2019,3081.25,3093.08
11/07/2019,3087.02,3085.18
11/06/2019,3075.1,3076.78
11/05/2019,3080.8,3074.62
11/04/2019,3078.96,3078.27
11/01/2019,3050.72,3066.91
10/31/2019,3046.9,3037.56
10/30/2019,3039.74,3046.77
10/29/2019,3035.39,3036.89
10/28/2019,3032.12,3039.42
10/25/2019,3003.32,3022.55
10/24/2019,3014.78,3010.29
10/23/2019,2994.01,3004.52
10/22/2019,3010.73,2995.99
10/21/2019,2996.48,3006.72
10/18/2019,2996.84,2986.2
10/17/2019,3000.77,2997.95
10/16/2019,2989.68,2989.69
10/15/2019,2973.61,2995.68
10/14/2019,2965.81,2966.15
10/11/2019,2963.07,2970.27
10/10/2019,2918.55,2938.13
10/09/2019,2911.1,2919.4
10/08/2019,2920.4,2893.06
10/07/2019,2944.23,2938.79
10/04/2019,2918.56,2952.01
10/03/2019,2885.38,2910.63
10/02/2019,2924.78,2887.61
10/01/2019,2983.69,2940.25
09/30/2019,2967.07,2976.74
09/27/2019,2985.47,2961.79
09/26/2019,2985.73,2977.62
09/25/2019,2968.35,2984.87
09/24/2019,3002.43,2966.6
09/23/2019,2983.5,2991.78
09/20/2019,3008.42,2992.07
09/19/2019,3010.36,3006.79
09/18/2019,3001.5,3006.73
09/17/2019,2995.67,3005.7
09/16/2019,2996.41,2997.96
09/13/2019,3012.21,3007.39
09/12/2019,3009.08,3009.57
09/11/2019,2981.41,3000.93
09/10/2019,2971.01,2979.39
09/09/2019,2988.43,2978.43
09/06/2019,2980.33,2978.71
09/05/2019,2960.6,2976.0
09/04/2019,2924.67,2937.78
09/03/2019,2909.01,2906.27
08/30/2019,2937.09,2926.46
08/29/2019,2910.37,2924.58
08/28/2019,2861.28,2887.94
08/27/2019,2893.14,2869.16
08/26/2019,2866.7,2878.38
08/23/2019,2911.07,2847.11
08/22/2019,2930.94,2922.95
08/21/2019,2922.04,2924.43
08/20/2019,2919.01,2900.51
08/19/2019,2913.48,2923.65
08/16/2019,2864.74,2888.68
08/15/2019,2846.2,2847.6
08/14/2019,2894.15,2840.6
08/13/2019,2880.72,2926.32
08/12/2019,2907.07,2883.75
08/09/2019,2930.51,2918.65
08/08/2019,2896.21,2938.09
08/07/2019,2858.65,2883.98
08/06/2019,2861.18,2881.77
08/05/2019,2898.07,2844.74
08/02/2019,2943.9,2932.05
08/01/2019,2980.32,2953.56
07/31/2019,3016.22,2980.38
07/30/2019,3007.66,3013.18
07/29/2019,3024.47,3020.97
07/26/2019,3013.25,3025.86
07/25/2019,3016.26,3003.67
07/24/2019,2998.77,3019.56
07/23/2019,2994.74,3005.47
07/22/2019,2981.93,2985.03
07/19/2019,3004.26,2976.61
07/18/2019,2978.87,2995.11
07/17/2019,3005.1,2984.42
07/16/2019,3012.13,3004.04
07/15/2019,3017.8,3014.3
07/12/2019,3003.36,3013.77
07/11/2019,2999.62,2999.91
07/10/2019,2989.3,2993.07
07/09/2019,2965.52,2979.63
07/08/2019,2979.77,2975.95
07/05/2019,2984.25,2990.41
07/03/2019,2978.08,2995.82
07/02/2019,2964.66,2973.01
07/01/2019,2971.41,2964.33
06/28/2019,2932.94,2941.76
06/27/2019,2919.66,2924.92
06/26/2019,2926.07,2913.78
06/25/2019,2945.78,2917.38
06/24/2019,2951.42,2945.35
06/21/2019,2952.71,2950.46
06/20/2019,2949.6,2954.18
06/19/2019,2920.55,2926.46
06/18/2019,2906.71,2917.75
06/17/2019,2889.75,2889.67
06/14/2019,2886.82,2886.98
06/13/2019,2886.24,2891.64
06/12/2019,2882.73,2879.84
06/11/2019,2903.27,2885.72
06/10/2019,2885.83,2886.73
06/07/2019,2852.87,2873.34
06/06/2019,2828.51,2843.49
06/05/2019,2818.09,2826.15
06/04/2019,2762.64,2803.27
06/03/2019,2751.53,2744.45
05/31/2019,2766.15,2752.06
05/30/2019,2786.94,2788.86
05/29/2019,2790.25,2783.02
05/28/2019,2830.03,2802.39
05/24/2019,2832.41,2826.06
05/23/2019,2836.7,2822.24
05/22/2019,2856.06,2856.27
05/21/2019,2854.02,2864.36
05/20/2019,2841.94,2840.23
05/17/2019,2858.6,2859.53
05/16/2019,2855.8,2876.32
05/15/2019,2820.38,2850.96
05/14/2019,2820.12,2834.41
05/13/2019,2840.19,2811.87
05/10/2019,2863.1,2881.4
05/09/2019,2859.84,2870.72
05/08/2019,2879.61,2879.42
05/07/2019,2913.03,2884.05
05/06/2019,2908.89,2932.47
05/03/2019,2929.21,2945.64
05/02/2019,2922.16,2917.52
05/01/2019,2952.33,2923.73
04/30/2019,2937.14,2945.83
04/29/2019,2940.58,2943.03
04/26/2019,2925.81,2939.88
04/25/2019,2928.99,2926.17
04/24/2019,2934.0,2927.25
04/23/2019,2909.99,2933.68
04/22/2019,2898.78,2907.97
04/18/2019,2904.81,2905.03
04/17/2019,2916.04,2900.45
04/16/2019,2912.26,2907.06
04/15/2019,2908.32,2905.58
04/12/2019,2900.86,2907.41
04/11/2019,2891.92,2888.32
04/10/2019,2881.37,2888.21
04/09/2019,2886.58,2878.2
04/08/2019,2888.46,2895.77
04/05/2019,2884.16,2892.74
04/04/2019,2873.99,2879.39
04/03/2019,2876.09,2873.4
04/02/2019,2868.24,2867.24
04/01/2019,2848.63,2867.19
03/29/2019,2828.27,2834.4
03/28/2019,2809.4,2815.44
03/27/2019,2819.72,2805.37
03/26/2019,2812.66,2818.46
03/25/2019,2796.01,2798.36
03/22/2019,2844.52,2800.71
03/21/2019,2819.72,2854.88
03/20/2019,2831.34,2824.23
03/19/2019,2840.76,2832.57
03/18/2019,2822.61,2832.94
03/15/2019,2810.79,2822.48
03/14/2019,2810.38,2808.48
03/13/2019,2799.78,2810.92
03/12/2019,2787.34,2791.52
03/11/2019,2747.61,2783.3
03/08/2019,2730.79,2743.07
03/07/2019,2766.53,2748.93
03/06/2019,2790.27,2771.45
03/05/2019,2794.41,2789.65
03/04/2019,2814.37,2792.81
03/01/2019,2798.22,2803.69
02/28/2019,2788.11,2784.49
02/27/2019,2787.5,2792.38
02/26/2019,2792.36,2793.9
02/25/2019,2804.35,2796.11
02/22/2019,2780.67,2792.67
02/21/2019,2780.24,2774.88
02/20/2019,2779.05,2784.7
02/19/2019,2769.28,2779.76
02/15/2019,2760.24,2775.6
02/14/2019,2743.5,2745.73
02/13/2019,2750.3,2753.03
02/12/2019,2722.61,2744.73
02/11/2019,2712.4,2709.8
02/08/2019,2692.36,2707.88
02/07/2019,2717.53,2706.05
02/06/2019,2735.05,2731.61
02/05/2019,2728.34,2737.7
02/04/2019,2706.49,2724.87
02/01/2019,2702.32,2706.53
01/31/2019,2685.49,2704.1
01/30/2019,2653.62,2681.05
01/29/2019,2644.89,2640.0
01/28/2019,2644.97,2643.85
01/25/2019,2657.44,2664.76
01/24/2019,2638.84,2642.33
01/23/2019,2643.48,2638.7
01/22/2019,2657.88,2632.9
01/18/2019,2651.27,2670.71
01/17/2019,2609.28,2635.96
01/16/2019,2614.75,2616.1
01/15/2019,2585.1,2610.3
01/14/2019,2580.31,2582.61
01/11/2019,2588.11,2596.26
01/10/2019,2573.51,2596.64
01/09/2019,2580.0,2584.96
01/08/2019,2568.11,2574.41
01/07/2019,2535.61,2549.69
01/04/2019,2474.33,2531.94
01/03/2019,2491.92,2447.89
01/02/2019,2476.96,2510.03
12/31/2018,2498.94,2506.85
12/28/2018,2498.77,2485.74
12/27/2018,2442.5,2488.83
12/26/2018,2363.12,2467.7
12/24/2018,2400.56,2351.1
12/21/2018,2465.38,2416.62
12/20/2018,2496.77,2467.42
12/19/2018,2547.05,2506.96
12/18/2018,2559.9,2546.16
12/17/2018,2590.75,2545.94
12/14/2018,2629.68,2599.95
12/13/2018,2658.7,2650.54
12/12/2018,2658.23,2651.07
12/11/2018,2664.44,2636.78
12/10/2018,2630.86,2637.72
12/07/2018,2691.26,2633.08
12/06/2018,2663.51,2695.95
12/04/2018,2782.43,2700.06
12/03/2018,2790.5,2790.37
11/30/2020,3634.18,3621.63
11/27/2020,3638.55,3638.35
11/25/2020,3635.5,3629.65
11/24/2020,3594.52,3635.41
11/23/2020,3566.82,3577.59
11/20/2020,3579.31,3557.54
11/19/2020,3559.41,3581.87
11/18/2020,3612.09,3567.79
11/17/2020,3610.31,3609.53
11/16/2020,3600.16,3626.91
11/13/2020,3552.57,3585.15
11/12/2020,3562.67,3537.01
11/11/2020,3563.22,3572.66
11/10/2020,3543.26,3545.53
11/09/2020,3583.04,3550.5
11/06/2020,3508.34,3509.44
11/05/2020,3485.74,3510.45
11/04/2020,3406.46,3443.44
11/03/2020,3336.25,3369.16
11/02/2020,3296.2,3310.24
10/30/2020,3293.59,3269.96
10/29/2020,3277.17,3310.11
10/28/2020,3342.48,3271.03
10/27/2020,3403.15,3390.68
10/26/2020,3441.42,3400.97
10/23/2020,3464.9,3465.39
10/22/2020,3438.5,3453.49
10/21/2020,3439.91,3435.56
10/20/2020,3439.38,3443.12
10/19/2020,3493.66,3426.92
10/16/2020,3493.5,3483.81
10/15/2020,3453.72,3483.34
10/14/2020,3515.47,3488.67
10/13/2020,3534.01,3511.93
10/12/2020,3500.02,3534.22
10/09/2020,3459.67,3477.13
10/08/2020,3434.28,3446.83
10/07/2020,3384.56,3419.45
10/06/2020,3408.74,3360.95
10/05/2020,3367.27,3408.63
10/02/2020,3338.94,3348.44
10/01/2020,3385.87,3380.8
09/30/2020,3341.21,3363.0
09/29/2020,3350.92,3335.47
09/28/2020,3333.9,3351.6
09/25/2020,3236.66,3298.46
09/24/2020,3226.14,3246.59
09/23/2020,3320.11,3236.92
09/22/2020,3295.75,3315.57
09/21/2020,3285.57,3281.06
09/18/2020,3357.38,3319.47
09/17/2020,3346.86,3357.01
09/16/2020,3411.23,3385.49
09/15/2020,3407.73,3401.2
09/14/2020,3363.56,3383.54
09/11/2020,3352.7,3340.97
09/10/2020,3412.56,3339.19
09/09/2020,3369.82,3398.96
09/08/2020,3371.88,3331.84
09/04/2020,3453.6,3426.96
09/03/2020,3564.74,3455.06
09/02/2020,3543.76,3580.84
09/01/2020,3507.44,3526.65
08/31/2020,3509.73,3500.31
08/28/2020,3494.69,3508.01
08/27/2020,3485.14,3484.55
08/26/2020,3449.97,3478.73
08/25/2020,3435.95,3443.62
08/24/2020,3418.09,3431.28
08/21/2020,3386.01,3397.16
08/20/2020,3360.48,3385.51
08/19/2020,3392.51,3374.85
08/18/2020,3387.04,3389.78
08/17/2020,3380.86,3381.99
08/14/2020,3368.66,3372.85
08/13/2020,3372.95,3373.43
08/12/2020,3355.46,3380.35
08/11/2020,3370.34,3333.69
08/10/2020,3356.04,3360.47
08/07/2020,3340.05,3351.28
08/06/2020,3323.17,3349.16
08/05/2020,3317.37,3327.77
08/04/2020,3289.92,3306.51
08/03/2020,3288.26,3294.61
07/31/2020,3270.45,3271.12
07/30/2020,3231.76,3246.22
07/29/2020,3227.22,3258.44
07/28/2020,3234.27,3218.44
07/27/2020,3219.84,3239.41
07/24/2020,3218.58,3215.63
07/23/2020,3271.64,3235.66
07/22/2020,3254.86,3276.02
07/21/2020,3268.52,3257.3
07/20/2020,3224.29,3251.84
07/17/2020,3224.21,3224.73
07/16/2020,3208.36,3215.57
07/15/2020,3225.98,3226.56
07/14/2020,3141.11,3197.52
07/13/2020,3205.08,3155.22
07/10/2020,3152.47,3185.04
07/09/2020,3176.17,3152.05
07/08/2020,3153.07,3169.94
07/07/2020,3166.44,3145.32
07/06/2020,3155.29,3179.72
07/02/2020,3143.64,3130.01
07/01/2020,3105.92,3115.86
06/30/2020,3050.2,3100.29
06/29/2020,3018.59,3053.24
06/26/2020,3073.2,3009.05
06/25/2020,3046.6,3083.76
06/24/2020,3114.4,3050.33
06/23/2020,3138.7,3131.29
06/22/2020,3094.42,3117.86
06/19/2020,3140.29,3097.74
06/18/2020,3101.64,3115.34
06/17/2020,3136.13,3113.49
06/16/2020,3131.0,3124.74
06/15/2020,2993.76,3066.59
06/12/2020,3071.04,3041.31
06/11/2020,3123.53,3002.1
06/10/2020,3213.42,3190.14
06/09/2020,3213.32,3207.18
06/08/2020,3199.92,3232.39
06/05/2020,3163.84,3193.93
06/04/2020,3111.56,3112.35
06/03/2020,3098.9,3122.87
06/02/2020,3064.78,3080.82
06/01/2020,3038.78,3055.73
05/29/2020,3025.17,3044.31
05/28/2020,3046.61,3029.73
05/27/2020,3015.65,3036.13
05/26/2020,3004.08,2991.77
05/22/2020,2948.05,2955.45
05/21/2020,2969.95,2948.51
05/20/2020,2953.63,2971.61
05/19/2020,2948.59,2922.94
05/18/2020,2913.86,2953.91
05/15/2020,2829.95,2863.7
05/14/2020,2794.54,2852.5
05/13/2020,2865.86,2820.0
05/12/2020,2939.5,2870.12
05/11/2020,2915.46,2930.32
05/08/2020,2908.83,2929.8
05/07/2020,2878.26,2881.19
05/06/2020,2883.14,2848.42
05/05/2020,2868.88,2868.44
05/04/2020,2815.01,2842.74
05/01/2020,2869.09,2830.71
04/30/2020,2930.91,2912.43
04/29/2020,2918.46,2939.51
04/28/2020,2909.96,2863.39
04/27/2020,2854.65,2878.48
04/24/2020,2812.64,2836.74
04/23/2020,2810.42,2797.8
04/22/2020,2787.89,2799.31
04/21/2020,2784.81,2736.56
04/20/2020,2845.62,2823.16
04/17/2020,2842.43,2874.56
04/16/2020,2799.34,2799.55
04/15/2020,2795.64,2783.36
04/14/2020,2805.1,2846.06
04/13/2020,2782.46,2761.63
04/09/2020,2776.99,2789.82
04/08/2020,2685.0,2749.98
04/07/2020,2738.65,2659.41
04/06/2020,2578.28,2663.68
04/03/2020,2514.92,2488.65
04/02/2020,2458.54,2526.9
04/01/2020,2498.08,2470.5
03/31/2020,2614.69,2584.59
03/30/2020,2558.98,2626.65
03/27/2020,2555.87,2541.47
03/26/2020,2501.29,2630.07
03/25/2020,2457.77,2475.56
03/24/2020,2344.44,2447.33
03/23/2020,2290.71,2237.4
03/20/2020,2431.94,2304.92
03/19/2020,2393.48,2409.39
03/18/2020,2436.5,2398.1
03/17/2020,2425.66,2529.19
03/16/2020,2508.59,2386.13
03/13/2020,2569.99,2711.02
03/12/2020,2630.86,2480.64
03/11/2020,2825.6,2741.38
03/10/2020,2813.48,2882.23
03/09/2020,2863.89,2746.56
03/06/2020,2954.2,2972.37
03/05/2020,3075.7,3023.94
03/04/2020,3045.75,3130.12
03/03/2020,3096.46,3003.37
03/02/2020,2974.28,3090.23
02/28/2020,2916.9,2954.22
02/27/2020,3062.54,2978.76
02/26/2020,3139.9,3116.39
02/25/2020,3238.94,3128.21
02/24/2020,3257.61,3225.89
02/21/2020,3360.5,3337.75
02/20/2020,3380.45,3373.23
02/19/2020,3380.39,3386.15
02/18/2020,3369.04,3370.29
02/14/2020,3378.08,3380.16
02/13/2020,3365.9,3373.94
02/12/2020,3370.5,3379.45
02/11/2020,3365.87,3357.75
02/10/2020,3318.28,3352.09
02/07/2020,3335.54,3327.71
02/06/2020,3344.92,3345.78
02/05/2020,3324.91,3334.69
02/04/2020,3280.61,3297.59
02/03/2020,3235.66,3248.92
01/31/2020,3282.33,3225.52
01/30/2020,3256.45,3283.66
01/29/2020,3289.46,3273.4
01/28/2020,3255.35,3276.24
01/27/2020,3247.16,3243.63
01/24/2020,3333.1,3295.47
01/23/2020,3315.77,3325.54
01/22/2020,3330.02,3321.75
01/21/2020,3321.03,3320.79
01/17/2020,3323.66,3329.62
01/16/2020,3302.97,3316.81
01/15/2020,3282.27,3289.29
01/14/2020,3285.35,3283.15
01/13/2020,3271.13,3288.13
01/10/2020,3281.81,3265.35
01/09/2020,3266.03,3274.7
01/08/2020,3238.59,3253.05
01/07/2020,3241.86,3237.18
01/06/2020,3217.55,3246.28
01/03/2020,3226.36,3234.85
01/02/2020,3244.67,3257.85
12/31/2019,3215.18,3230.78
12/30/2019,3240.09,3221.29
12/27/2019,3247.23,3240.02
12/26/2019,3227.2,3239.91
12/24/2019,3225.45,3223.38
12/23/2019,3226.05,3224.01
12/20/2019,3223.33,3221.22
12/19/2019,3192.32,3205.37
12/18/2019,3195.21,3191.14
12/17/2019,3195.4,3192.52
12/16/2019,3183.63,3191.45
12/13/2019,3166.65,3168.8
12/12/2019,3141.23,3168.57
12/11/2019,3135.75,3141.63
12/10/2019,3135.36,3132.52
12/09/2019,3141.86,3135.96
12/06/2019,3134.62,3145.91
12/05/2019,3119.21,3117.43
12/04/2019,3103.5,3112.76
12/03/2019,3087.41,3093.2
12/02/2019,3143.85,3113.87
11/29/2021,4628.75,4655.27
11/26/2021,4664.63,4594.62
11/24/2021,4675.78,4701.46
11/23/2021,4678.48,4690.7
11/22/2021,4712.0,4682.94
11/19/2021,4708.44,4697.96
11/18/2021,4700.72,4704.54
11/17/2021,4701.5,4688.67
11/16/2021,4679.42,4700.9
11/15/2021,4689.3,4682.8
11/12/2021,4655.24,4682.85
11/11/2021,4659.39,4649.27
11/10/2021,4670.26,4646.71
11/09/2021,4707.25,4685.25
11/08/2021,4701.48,4701.7
11/05/2021,4699.26,4697.53
11/04/2021,4662.93,4680.06
11/03/2021,4630.65,4660.57
11/02/2021,4613.34,4630.65
11/01/2021,4610.62,4613.67
10/29/2021,4572.87,4605.38
10/28/2021,4562.84,4596.42
10/27/2021,4580.22,4551.68
10/26/2021,4578.69,4574.79
10/25/2021,4553.69,4566.48
10/22/2021,4546.12,4544.9
10/21/2021,4532.24,4549.78
10/20/2021,4524.42,4536.19
10/19/2021,4497.34,4519.63
10/18/2021,4463.72,4486.46
10/15/2021,4447.69,4471.37
10/14/2021,4386.75,4438.26
10/13/2021,4358.01,4363.8
10/12/2021,4368.31,4350.65
10/11/2021,4385.44,4361.19
10/08/2021,4406.51,4391.34
10/07/2021,4383.73,4399.76
10/06/2021,4319.57,4363.55
10/05/2021,4309.87,4345.72
10/04/2021,4348.84,4300.46
10/01/2021,4317.16,4357.04
09/30/2021,4370.67,4307.54
09/29/2021,4362.41,4359.46
09/28/2021,4419.54,4352.63
09/27/2021,4442.12,4443.11
09/24/2021,4438.04,4455.48
09/23/2021,4406.75,4448.98
09/22/2021,4367.43,4395.64
09/21/2021,4374.45,4354.19
09/20/2021,4402.95,4357.73
09/17/2021,4469.74,4432.99
09/16/2021,4477.09,4473.75
09/15/2021,4447.49,4480.7
09/14/2021,4479.33,4443.05
09/13/2021,4474.81,4468.73
09/10/2021,4506.92,4458.58
09/09/2021,4513.02,4493.28
09/08/2021,4518.09,4514.07
09/07/2021,4535.38,4520.03
09/03/2021,4532.42,4535.43
09/02/2021,4534.48,4536.95
09/01/2021,4528.8,4524.09
08/31/2021,4529.75,4522.68
08/30/2021,4513.76,4528.79
08/27/2021,4474.1,4509.37
08/26/2021,4493.75,4470.0
08/25/2021,4490.45,4496.19
08/24/2021,4484.4,4486.23
08/23/2021,4450.29,4479.53
08/20/2021,4410.56,4441.67
08/19/2021,4382.44,4405.8
08/18/2021,4440.94,4400.27
08/17/2021,4462.12,4448.08
08/16/2021,4461.65,4479.71
08/13/2021,4464.84,4468.0
08/12/2021,4446.08,4460.83
08/11/2021,4442.18,4447.7
08/10/2021,4435.79,4436.75
08/09/2021,4437.77,4432.35
08/06/2021,4429.07,4436.52
08/05/2021,4408.86,4429.1
08/04/2021,4415.95,4402.66
08/03/2021,4392.74,4423.15
08/02/2021,4406.86,4387.16
07/30/2021,4395.12,4395.26
07/29/2021,4403.59,4419.15
07/28/2021,4402.95,4400.64
07/27/2021,4416.38,4401.46
07/26/2021,4409.58,4422.3
07/23/2021,4381.2,4411.79
07/22/2021,4361.27,4367.48
07/21/2021,4331.13,4358.69
07/20/2021,4265.11,4323.06
07/19/2021,4296.4,4258.49
07/16/2021,4367.43,4327.16
07/15/2021,4369.02,4360.03
07/14/2021,4380.11,4374.3
07/13/2021,4381.07,4369.21
07/12/2021,4372.41,4384.63
07/09/2021,4329.38,4369.55
07/08/2021,4321.07,4320.82
07/07/2021,4351.01,4358.13
07/06/2021,4356.46,4343.54
07/02/2021,4326.6,4352.34
07/01/2021,4300.73,4319.94
06/30/2021,4290.65,4297.5
06/29/2021,4293.21,4291.8
06/28/2021,4284.9,4290.61
06/25/2021,4274.45,4280.7
06/24/2021,4256.97,4266.49
06/23/2021,4249.27,4241.84
06/22/2021,4224.61,4246.44
06/21/2021,4173.4,4224.79
06/18/2021,4204.78,4166.45
06/17/2021,4220.37,4221.86
06/16/2021,4248.87,4223.7
06/15/2021,4255.28,4246.59
06/14/2021,4248.31,4255.15
06/11/2021,4242.9,4247.44
06/10/2021,4228.56,4239.18
06/09/2021,4232.99,4219.55
06/08/2021,4233.81,4227.26
06/07/2021,4229.34,4226.52
06/04/2021,4206.05,4229.89
06/03/2021,4191.43,4192.85
06/02/2021,4206.82,4208.12
06/01/2021,4216.52,4202.04
05/28/2021,4210.77,4204.11
05/27/2021,4201.94,4200.88
05/26/2021,4191.59,4195.99
05/25/2021,4205.94,4188.13
05/24/2021,4170.16,4197.05
05/21/2021,4168.61,4155.86
05/20/2021,4121.97,4159.12
05/19/2021,4098.45,4115.68
05/18/2021,4165.94,4127.83
05/17/2021,4169.92,4163.29
05/14/2021,4129.58,4173.85
05/13/2021,4074.99,4112.5
05/12/2021,4130.55,4063.04
05/11/2021,4150.34,4152.1
05/10/2021,4228.29,4188.43
05/07/2021,4210.34,4232.6
05/06/2021,4169.14,4201.62
05/05/2021,4177.06,4167.59
05/04/2021,4179.04,4164.66
05/03/2021,4191.98,4192.66
04/30/2021,4198.1,4181.17
04/29/2021,4206.14,4211.47
04/28/2021,4185.14,4183.18
04/27/2021,4188.25,4186.72
04/26/2021,4185.03,4187.62
04/23/2021,4138.78,4180.17
04/22/2021,4170.46,4134.98
04/21/2021,4128.42,4173.42
04/20/2021,4159.18,4134.94
04/19/2021,4179.8,4163.26
04/16/2021,4174.14,4185.47
04/15/2021,4139.76,4170.42
04/14/2021,4141.58,4124.66
04/13/2021,4130.1,4141.59
04/12/2021,4124.71,4127.99
04/09/2021,4096.11,4128.8
04/08/2021,4089.95,4097.17
04/07/2021,4074.29,4079.95
04/06/2021,4075.57,4073.94
04/05/2021,4034.44,4077.91
04/01/2021,3992.78,4019.87
03/31/2021,3967.25,3972.89
03/30/2021,3963.34,3958.55
03/29/2021,3969.31,3971.09
03/26/2021,3917.12,3974.54
03/25/2021,3879.34,3909.52
03/24/2021,3919.93,3889.14
03/23/2021,3937.6,3910.52
03/22/2021,3916.48,3940.59
03/19/2021,3913.14,3913.1
03/18/2021,3953.5,3915.46
03/17/2021,3949.57,3974.12
03/16/2021,3973.59,3962.71
03/15/2021,3942.96,3968.94
03/12/2021,3924.52,3943.34
03/11/2021,3915.54,3939.34
03/10/2021,3891.99,3898.81
03/09/2021,3851.93,3875.44
03/08/2021,3844.39,3821.35
03/05/2021,3793.58,3841.94
03/04/2021,3818.53,3768.47
03/03/2021,3863.99,3819.72
03/02/2021,3903.64,3870.29
03/01/2021,3842.51,3901.82
02/26/2021,3839.66,3811.15
02/25/2021,3915.8,3829.34
02/24/2021,3873.71,3925.43
02/23/2021,3857.07,3881.37
02/22/2021,3885.55,3876.5
02/19/2021,3921.16,3906.71
02/18/2021,3915.86,3913.97
02/17/2021,3918.5,3931.33
02/16/2021,3939.61,3932.59
02/12/2021,3911.65,3934.83
02/11/2021,3916.4,3916.38
02/10/2021,3920.78,3909.88
02/09/2021,3910.49,3911.23
02/08/2021,3892.59,3915.59
02/05/2021,3878.3,3886.83
02/04/2021,3836.66,3871.74
02/03/2021,3840.27,3830.17
02/02/2021,3791.84,3826.31
02/01/2021,3731.17,3773.86
01/29/2021,3778.05,3714.24
01/28/2021,3755.75,3787.38
01/27/2021,3836.83,3750.77
01/26/2021,3862.96,3849.62
01/25/2021,3851.68,3855.36
01/22/2021,3844.24,3841.47
01/21/2021,3857.46,3853.07
01/20/2021,3816.22,3851.85
01/19/2021,3781.88,3798.91
01/15/2021,3788.73,3768.25
01/14/2021,3814.98,3795.54
01/13/2021,3802.23,3809.84
01/12/2021,3801.62,3801.19
01/11/2021,3803.14,3799.61
01/08/2021,3815.05,3824.68
01/07/2021,3764.71,3803.79
01/06/2021,3712.2,3748.14
01/05/2021,3698.02,3726.86
01/04/2021,3764.61,3700.65
12/31/2020,3733.27,3756.07
12/30/2020,3736.19,3732.04
12/29/2020,3750.01,3727.04
12/28/2020,3723.03,3735.36
12/24/2020,3694.03,3703.06
12/23/2020,3693.42,3690.01
12/22/2020,3698.08,3687.26
12/21/2020,3684.28,3694.92
12/18/2020,3722.39,3709.41
12/17/2020,3713.65,3722.48
12/16/2020,3696.25,3701.17
12/15/2020,3666.41,3694.62
12/14/2020,3675.27,3647.49
12/11/2020,3656.08,3663.46
12/10/2020,3659.13,3668.1
12/09/2020,3705.98,3672.82
12/08/2020,3683.05,3702.25
12/07/2020,3694.73,3691.96
12/04/2020,3670.94,3699.12
12/03/2020,3668.28,3666.72
12/02/2020,3653.78,3669.01
12/01/2020,3645.87,3662.45
11/30/2020,3634.18,3621.63
11/30/2022,3957.18,4080.11
11/29/2022,3964.19,3957.63
11/28/2022,4005.36,3963.94
11/25/2022,4023.34,4026.12
11/23/2022,4001.02,4027.26
11/22/2022,3965.51,4003.58
11/21/2022,3956.23,3949.94
11/18/2022,3966.39,3965.34
11/17/2022,3919.26,3946.56
11/16/2022,3976.82,3958.79
11/15/2022,4006.41,3991.73
11/14/2022,3977.97,3957.25
11/11/2022,3963.72,3992.93
11/10/2022,3859.89,3956.37
11/09/2022,3810.94,3748.57
11/08/2022,3817.02,3828.11
11/07/2022,3780.71,3806.8
11/04/2022,3766.98,3770.55
11/03/2022,3733.25,3719.89
11/02/2022,3852.9,3759.69
11/01/2022,3901.79,3856.1
10/31/2022,3881.85,3871.98
10/28/2022,3808.26,3901.06
10/27/2022,3834.69,3807.3
10/26/2022,3825.97,3830.6
10/25/2022,3799.44,3859.11
10/24/2022,3762.01,3797.34
10/21/2022,3657.1,3752.75
10/20/2022,3689.05,3665.78
10/19/2022,3703.11,3695.16
10/18/2022,3746.26,3719.98
10/17/2022,3638.65,3677.95
10/14/2022,3690.41,3583.07
10/13/2022,3520.37,3669.91
10/12/2022,3590.83,3577.03
10/11/2022,3595.86,3588.84
10/10/2022,3647.51,3612.39
10/07/2022,3706.74,3639.66
10/06/2022,3771.97,3744.52
10/05/2022,3753.25,3783.28
10/04/2022,3726.46,3790.93
10/03/2022,3609.78,3678.43
09/30/2022,3633.48,3585.62
09/29/2022,3687.01,3640.47
09/28/2022,3651.94,3719.04
09/27/2022,3686.44,3647.29
09/26/2022,3682.72,3655.04
09/23/2022,3727.14,3693.23
09/22/2022,3782.36,3757.99
09/21/2022,3871.4,3789.93
09/20/2022,3875.23,3855.93
09/19/2022,3849.91,3899.89
09/16/2022,3880.95,3873.33
09/15/2022,3932.41,3901.35
09/14/2022,3940.73,3946.01
09/13/2022,4037.12,3932.69
09/12/2022,4083.67,4110.41
09/09/2022,4022.94,4067.36
09/08/2022,3959.94,4006.18
09/07/2022,3909.43,3979.87
09/06/2022,3930.89,3908.19
09/02/2022,3996.39,3924.26
09/01/2022,3936.73,3966.85
08/31/2022,4000.67,3955.0
08/30/2022,4041.25,3986.16
08/29/2022,4034.58,4030.61
08/26/2022,4198.74,4057.66
08/25/2022,4153.26,4199.12
08/24/2022,4126.55,4140.77
08/23/2022,4133.09,4128.73
08/22/2022,4195.08,4137.99
08/19/2022,4266.31,4228.48
08/18/2022,4273.13,4283.74
08/17/2022,4280.4,4274.04
08/16/2022,4290.46,4305.2
08/15/2022,4269.37,4297.14
08/12/2022,4225.02,4280.15
08/11/2022,4227.4,4207.27
08/10/2022,4181.02,4210.24
08/09/2022,4133.11,4122.47
08/08/2022,4155.93,4140.06
08/05/2022,4115.87,4145.19
08/04/2022,4154.85,4151.94
08/03/2022,4107.96,4155.17
08/02/2022,4104.21,4091.19
08/01/2022,4112.38,4118.63
07/29/2022,4087.33,4130.29
07/28/2022,4026.13,4072.43
07/27/2022,3951.43,4023.61
07/26/2022,3953.22,3921.05
07/25/2022,3965.72,3966.84
07/22/2022,3998.43,3961.63
07/21/2022,3955.47,3998.95
07/20/2022,3935.32,3959.9
07/19/2022,3860.73,3936.69
07/18/2022,3883.79,3830.85
07/15/2022,3818.0,3863.16
07/14/2022,3763.99,3790.38
07/13/2022,3779.67,3801.78
07/12/2022,3851.95,3818.8
07/11/2022,3880.94,3854.43
07/08/2022,3888.26,3899.38
07/07/2022,3858.85,3902.62
07/06/2022,3831.98,3845.08
07/05/2022,3792.61,3831.39
07/01/2022,3781.08,3825.33
06/30/2022,3785.99,3785.38
06/29/2022,3825.09,3818.83
06/28/2022,3913.0,3821.55
06/27/2022,3920.76,3900.11
06/24/2022,3821.75,3911.74
06/23/2022,3774.71,3795.73
06/22/2022,3733.89,3759.89
06/21/2022,3715.31,3764.79
06/17/2022,3665.9,3674.84
06/16/2022,3728.18,3666.77
06/15/2022,3764.05,3789.99
06/14/2022,3763.52,3735.48
06/13/2022,3838.15,3749.63
06/10/2022,3974.39,3900.86
06/09/2022,4101.65,4017.82
06/08/2022,4147.12,4115.77
06/07/2022,4096.47,4160.68
06/06/2022,4134.72,4121.43
06/03/2022,4137.57,4108.54
06/02/2022,4095.41,4176.82
06/01/2022,4149.78,4101.23
05/31/2022,4151.09,4132.15
05/27/2022,4077.25,4158.24
05/26/2022,3984.6,4057.84
05/25/2022,3929.59,3978.73
05/24/2022,3942.94,3941.48
05/23/2022,3919.42,3973.75
05/20/2022,3927.76,3901.36
05/19/2022,3899.0,3900.79
05/18/2022,4051.98,3923.68
05/17/2022,4052.0,4088.85
05/16/2022,4013.02,4008.01
05/13/2022,3963.9,4023.89
05/12/2022,3903.95,3930.08
05/11/2022,3990.08,3935.18
05/10/2022,4035.18,4001.05
05/09/2022,4081.27,3991.24
05/06/2022,4128.17,4123.34
05/05/2022,4270.43,4146.87
05/04/2022,4181.18,4300.17
05/03/2022,4159.78,4175.48
05/02/2022,4130.61,4155.38
04/29/2022,4253.75,4131.93
04/28/2022,4222.58,4287.5
04/27/2022,4186.52,4183.96
04/26/2022,4278.14,4175.2
04/25/2022,4255.34,4296.12
04/22/2022,4385.83,4271.78
04/21/2022,4489.17,4393.66
04/20/2022,4472.26,4459.45
04/19/2022,4390.63,4462.21
04/18/2022,4385.63,4391.69
04/14/2022,4449.12,4392.59
04/13/2022,4394.3,4446.59
04/12/2022,4437.59,4397.45
04/11/2022,4462.64,4412.53
04/08/2022,4494.15,4488.28
04/07/2022,4474.65,4500.21
04/06/2022,4494.17,4481.15
04/05/2022,4572.45,4525.12
04/04/2022,4547.97,4582.64
04/01/2022,4540.32,4545.86
03/31/2022,4599.02,4530.41
03/30/2022,4624.2,4602.45
03/29/2022,4602.86,4631.6
03/28/2022,4541.09,4575.52
03/25/2022,4522.91,4543.06
03/24/2022,4469.98,4520.16
03/23/2022,4493.1,4456.24
03/22/2022,4469.1,4511.61
03/21/2022,4462.4,4461.18
03/18/2022,4407.34,4463.12
03/17/2022,4345.11,4411.67
03/16/2022,4288.14,4357.86
03/15/2022,4188.82,4262.45
03/14/2022,4202.75,4173.11
03/11/2022,4279.5,4204.31
03/10/2022,4252.55,4259.52
03/09/2022,4223.1,4277.88
03/08/2022,4202.66,4170.7
03/07/2022,4327.01,4201.09
03/04/2022,4342.12,4328.87
03/03/2022,4401.31,4363.49
03/02/2022,4322.56,4386.54
03/01/2022,4363.14,4306.26
02/28/2022,4354.17,4373.94
02/25/2022,4298.38,4384.65
02/24/2022,4155.77,4288.7
02/23/2022,4324.93,4225.5
02/22/2022,4332.74,4304.76
02/18/2022,4384.57,4348.87
02/17/2022,4456.06,4380.26
02/16/2022,4455.75,4475.01
02/15/2022,4429.28,4471.07
02/14/2022,4412.61,4401.67
02/11/2022,4506.27,4418.64
02/10/2022,4553.24,4504.08
02/09/2022,4547.0,4587.18
02/08/2022,4480.02,4521.54
02/07/2022,4505.75,4483.87
02/04/2022,4482.79,4500.53
02/03/2022,4535.41,4477.44
02/02/2022,4566.39,4589.38
02/01/2022,4519.57,4546.54
01/31/2022,4431.79,4515.55
01/28/2022,4336.19,4431.85
01/27/2022,4380.58,4326.51
01/26/2022,4408.43,4349.93
01/25/2022,4366.64,4356.45
01/24/2022,4356.32,4410.13
01/21/2022,4471.38,4397.94
01/20/2022,4547.35,4482.73
01/19/2022,4588.03,4532.76
01/18/2022,4632.24,4577.11
01/14/2022,4637.99,4662.85
01/13/2022,4733.56,4659.03
01/12/2022,4728.59,4726.35
01/11/2022,4669.14,4713.07
01/10/2022,4655.34,4670.29
01/07/2022,4697.66,4677.03
01/06/2022,4693.39,4696.05
01/05/2022,4787.99,4700.58
01/04/2022,4804.51,4793.54
01/03/2022,4778.14,4796.56
12/31/2021,4775.21,4766.18
12/30/2021,4794.23,4778.73
12/29/2021,4788.64,4793.06
12/28/2021,4795.49,4786.35
12/27/2021,4733.99,4791.19
12/23/2021,4703.96,4725.79
12/22/2021,4650.36,4696.56
12/21/2021,4594.96,4649.23
12/20/2021,4587.9,4568.02
12/17/2021,4652.5,4620.64
12/16/2021,4719.13,4668.67
12/15/2021,4636.46,4709.85
12/14/2021,4642.99,4634.09
12/13/2021,4710.3,4668.97
12/10/2021,4687.64,4712.02
12/09/2021,4691.0,4667.45
12/08/2021,4690.86,4701.21
12/07/2021,4631.97,4686.75
12/06/2021,4548.37,4591.67
12/03/2021,4589.49,4538.43
12/02/2021,4504.73,4577.1
12/01/2021,4602.82,4513.04
11/30/2021,4640.25,4567.0
