index,RSI
1,0.0
2,0.0
3,0.0
4,0.0
5,0.0
6,0.0
7,0.0
8,0.0
9,0.0
10,0.0
11,0.0
12,0.0
13,0.0
14,0.0
15,0.0
16,0.0
17,0.0
18,0.0
19,0.0
20,0.0
21,0.0
22,0.0
23,0.0
24,0.0
25,0.0
26,0.0
27,0.0
28,0.0
29,0.0
30,47.89229181004819
31,48.950753088509046
32,53.929785719933555
33,54.80294082198386
34,59.284421962116454
35,59.458068311334976
36,57.140750571407516
37,54.22993492407811
38,53.20244388000272
39,55.95572733661276
40,54.732821676935814
41,55.70013047004476
42,61.585736234680404
43,62.978345757898495
44,63.24622222222221
45,67.21330058567915
46,67.54765702134124
47,66.95625666819082
48,63.376749453927694
49,63.521353746978264
50,60.210043918273826
51,61.96504593322875
52,61.71916109148313
53,56.74424530705852
54,59.5793976118339
55,60.54372777602734
56,57.53645907557835
57,62.44732165524241
58,63.36992697829215
59,61.40929826264192
60,56.172592888533735
61,54.56656692421062
62,48.85882126348228
63,51.0954652832461
64,43.616482737673415
65,37.09409386930164
66,38.54510451045109
67,41.81747231842348
68,42.74318193149528
69,44.610041962089454
70,44.41509796388784
71,42.25780704379929
72,38.01874163319949
73,34.57404980340762
74,38.12286181764096
75,40.13048016701467
76,42.781726949613265
77,43.0743332105845
78,43.34109676053356
79,39.1851158923189
80,41.844719462789335
81,39.110981987216746
82,33.91145307769925
83,31.893666729809922
84,31.730042810375238
85,31.21696451044552
86,30.19292800194758
87,28.814582327378062
88,23.069111122988957
89,27.84016714546884
90,33.379790940766554
91,36.22559652928417
92,37.42195250043769
93,29.33467741935482
94,26.995752160539055
95,31.55480033984702
96,35.46940083306629
97,38.895631067961205
98,44.384137694978236
99,40.44009532018455
100,38.878869120156004
101,36.73145206503457
102,37.447457157374416
103,35.330776605944365
104,33.9725905490789
105,34.02691142398854
106,35.753026424263396
107,36.357775294421
108,40.134206084558016
109,43.41813928228264
110,42.1999350332954
111,41.59150130286633
112,36.31993162636657
113,37.355195152379224
114,35.91131823321794
115,35.258890421559045
116,40.493240422593985
117,39.69403173004278
118,48.55376394196416
119,47.26768995605374
120,44.65391282813273
121,43.34482758620688
122,41.43704640587825
123,42.95436099144659
124,47.770804201489376
125,45.442700254389784
126,46.197148626323205
127,42.674943913457675
128,40.15336242299795
129,37.07269387996919
130,37.27031775812262
131,38.40135010739488
132,43.458667793268546
133,46.8097137075174
134,48.7041873547054
135,46.74251398033111
136,45.52243011722273
137,44.947528774542974
138,42.5903842238446
139,41.41593443980949
140,39.96631170240102
141,41.964886695086356
142,49.38260818917818
143,49.82824813093557
144,52.682171448606304
145,55.65051420106544
146,53.4352286662878
147,54.42829723060047
148,51.30700869168918
149,51.86639207105159
150,54.079989263186135
151,57.648240575069835
152,61.59964508666855
153,64.9150429705438
154,62.147823508089736
155,66.07757006163375
156,63.25627853881275
157,63.569226356922634
158,59.55229900510888
159,64.92012311300016
160,68.10130235578482
161,67.74205124524514
162,64.69225028477163
163,65.05597885243355
164,57.16213610950451
165,60.68285528031293
166,62.868906075647395
167,59.00046943270868
168,57.3660557545116
169,60.75571006205532
170,66.97920105645429
171,65.99578432039169
172,65.34543690665933
173,65.32140628250468
174,62.0357020254034
175,58.86303073370048
176,58.518146967145576
177,60.24833734257821
178,59.510683529708515
179,54.72910296492253
180,54.0146480401465
181,52.003114382785995
182,50.58480597558754
183,50.714104008431164
184,51.14719249376924
185,49.85871505056514
186,48.95947426067907
187,50.98768213910169
188,49.83848469275381
189,50.73427749336718
190,47.58219020614609
191,45.545571245186146
192,42.36755571793932
193,45.42435041345189
194,50.01098418277683
195,50.691610386796185
196,45.91589238404421
197,50.67871533075148
198,51.79928028788484
199,46.395725672243145
200,41.93908913104222
201,40.599107711918435
202,37.804471137804455
203,35.907561796109434
204,37.2477620998331
205,35.519652761032106
206,37.0408739875683
207,35.30123397048149
208,32.5605552670098
209,38.805156172533486
210,39.26063402889247
211,35.47044129891752
212,34.085825747724314
213,32.80661753009177
214,30.572713346839947
215,30.590852904820792
216,30.09094888380919
217,29.72523711743422
218,35.03825136612021
219,35.81782778018177
220,39.37293377412814
221,39.77162555208444
222,42.303364464948814
223,34.44945676345384
224,31.980126822252615
225,28.68942375943726
226,27.626918536009384
227,23.87271240802457
228,27.588136541689977
229,27.388888888888857
230,27.710467149637708
231,26.777308388654163
232,24.27456717873686
233,25.897420479826806
234,25.80896452540746
235,28.277854375943775
236,83.8485990981001
237,83.41293708355445
238,82.09026679626862
239,82.05042456670931
240,82.34875237970672
241,82.84246327520081
242,83.28909022708257
243,83.30955777460771
244,85.1349560454124
245,85.2831413272757
246,86.82332879601515
247,85.66869570356361
248,83.79651162790697
249,83.89948006932408
250,83.80686770088897
251,85.36178677470782
252,84.397738802725
253,83.43029087261782
254,81.85511647196097
255,82.70833627145416
256,84.26391562975942
257,82.03844109336093
258,82.4539826999549
259,81.9500468565375
260,82.11513801714247
261,82.68321191692942
262,82.43560036315839
263,82.51898204965676
264,83.13704998861154
265,82.0812995224678
266,39.295154185022064
267,38.54463745570826
268,41.09652153881599
269,41.23460194888771
270,38.79145762109844
271,37.16080859588418
272,33.930467091295185
273,31.8660854107589
274,29.49426097857173
275,32.71304478059014
276,31.313019798336697
277,31.114930339708252
278,28.829408775199127
279,27.13743093922659
280,31.179674505071603
281,32.87204937329007
282,32.430481451258586
283,36.45029365640661
284,38.35208153062205
285,35.940612549800775
286,38.05875227135071
287,42.271886756360395
288,36.88137195327799
289,38.82733935571846
290,38.71452477715924
291,41.22000067890969
292,44.3362480127186
293,43.666409680555105
294,39.17861169270414
295,39.51977125775743
296,38.60779583544947
297,38.99522298098813
298,40.82326162921169
299,38.55495822268282
300,38.273589455071544
301,36.358916409614295
302,37.653793845083335
303,38.83415970772443
304,40.16667228988834
305,36.74556009755762
306,38.763520751978454
307,39.7850606512024
308,44.82138575881083
309,50.241282972315936
310,47.588473591683886
311,43.39295563785361
312,42.99992191770124
313,41.71191312679657
314,40.42794554842748
315,44.896015240514366
316,43.84630940343781
317,47.48865355521937
318,50.260036667040836
319,48.51296247802176
320,48.032774505361765
321,47.6353536506487
322,43.8845001362027
323,44.591738712776156
324,50.47741314290301
325,52.466990965948604
326,53.96938861323687
327,50.45402728094656
328,49.36322365513638
329,50.274140752864135
330,54.18134541184366
331,57.85490371697264
332,56.78182137834038
333,58.473078415312344
334,62.569882777276796
335,63.53232008789593
336,61.85404704574915
337,60.386058496451334
338,60.339687415303985
339,56.38784025432147
340,54.23797674064294
341,54.61798097575941
342,52.40946118362939
343,49.992289107078605
344,48.60069965017494
345,43.981900452488745
346,39.063318881318835
347,30.94843708255408
348,27.90918219346206
349,27.301500682128292
350,29.22112421634263
351,25.4763144195732
352,24.37736600916523
353,20.30204549799288
354,23.787761071249122
355,22.45601306004002
356,34.92223167995054
357,43.481936971560344
358,41.398401407934315
359,39.69833345053093
360,40.39203419872795
361,37.469774639713705
362,40.63918364791687
363,42.4810433727631
364,42.029162718185454
365,39.908856056427986
366,38.68054578703057
367,43.297155384740314
368,45.20676188947736
369,43.140736814206214
370,46.76666833893544
371,46.663663212694594
372,50.95669169838495
373,49.65914786967418
374,51.29493621955933
375,53.052144046627774
376,57.04179221800077
377,56.81254730029488
378,56.84633236851025
379,55.639212883795715
380,55.79603255340791
381,56.00970130201683
382,55.818746183594534
383,58.013591770896696
384,54.67938555731701
385,56.05211620063105
386,49.554896142433236
387,44.625794931236506
388,46.022874127681604
389,45.360463635205704
390,41.59724397118702
391,47.59127380530403
392,44.59225754955431
393,39.74675830314523
394,40.22235657664921
395,42.27415539944224
396,44.41436095245159
397,36.92582188140612
398,33.72319688109164
399,33.22037727324073
400,29.70830691185799
401,36.27571327604809
402,30.72241712608293
403,40.053050397878
404,40.75344682503721
405,39.08580282781331
406,34.044241327874545
407,33.75818227593152
408,32.50605141403928
409,35.685133040149324
410,33.26858780448974
411,37.57022689884224
412,38.58709512879368
413,39.94011789289836
414,40.026254922798
415,39.054757972303385
416,38.40219869452513
417,40.43795159814472
418,39.44112759278635
419,43.94430253566758
420,44.571879936808834
421,42.555420937162324
422,44.692449117827344
423,46.84418473388892
424,45.0094468695029
425,45.65339501073849
426,46.31829753900387
427,48.08226604323373
428,48.13608764967268
429,49.973588759376014
430,47.78011916872547
431,40.764021401578965
432,43.22383559469971
433,33.07316627869831
434,32.07800629979624
435,30.201927689825155
436,31.583508163823808
437,40.170621609309656
438,39.614473576737765
439,40.30441277403208
440,45.631552670993514
441,40.10510628284572
442,41.792426254577684
443,39.9266039914234
444,40.84275350092801
445,40.20035208315872
446,42.57760970890865
447,39.707921650199374
448,42.428057553956826
449,38.726702168124746
450,37.790562798682345
451,41.50852855210927
452,36.721965293393836
453,37.074385047044444
454,40.03330771201639
455,39.09507923269392
456,38.85027633562217
457,38.352484086963685
458,39.48006637450536
459,39.57267144319342
460,38.76101758636535
461,40.37156282631395
462,40.14276443867619
463,40.71165321165318
464,40.07534936697772
465,44.0904126501733
466,46.09812968199632
467,35.24226692623837
468,37.11064290188484
469,35.347149045779176
470,29.390703919186706
471,30.17196114465733
472,30.834741906123995
473,25.09523809523806
474,22.387425658453665
475,28.030740526853464
476,28.288774787535317
477,31.5507782882119
478,31.78201537982845
479,35.77919892292158
480,36.9771284459518
481,35.14988814317671
482,34.935740650153406
483,31.417157275020983
484,31.414273098111806
485,35.01003512293025
486,34.15323601383848
487,33.988327665113175
488,82.13360305482317
489,82.6420082219708
490,82.93277877697842
491,83.4503985478652
492,83.50029330806373
493,82.30989925049488
494,82.733734041153
495,82.80727812848126
496,82.28469094263855
497,83.33168973187384
498,83.14583401663991
499,82.08823912760135
500,81.63955093302035
501,82.33399919223677
502,81.34136041752387
503,84.51975112791261
504,86.79206044781293
505,86.43868617427582
506,86.43390348556987
507,86.17907339927122
508,85.47795634897241
509,85.16988722074565
510,85.19436660199757
511,83.83023542506973
512,85.6120951999903
513,87.393751933189
514,84.82767807406333
515,83.39886624050176
516,83.51800387387064
517,82.12198641966549
518,26.82419019028704
519,19.655995712127762
520,17.889928599937804
521,21.959957850368795
522,19.53212866461719
523,19.233608978145284
524,13.52756802963387
525,11.861763852625486
526,16.804011642178367
527,15.937007874015848
528,24.718054172155732
529,30.695064484127045
530,38.888115586982615
531,35.03539187525645
532,40.65157884446183
533,41.24506987388619
534,39.21709338395299
535,39.31447402009703
536,42.60442044731239
537,43.42397215575376
538,44.647804367269465
539,43.12837154416723
540,47.46910241772329
541,47.08617298177989
542,47.6900412492634
543,49.271386936396375
544,51.66258730822039
545,51.92711562693761
546,51.393529541225675
547,52.29012295415683
548,52.140085766796
549,54.77913293020396
550,57.35994848679976
551,55.13747875724434
552,61.215243439663304
553,64.2720600382319
554,66.45842992752387
555,66.75149664315666
556,65.61387677344965
557,66.19739592515174
558,62.16862292175876
559,60.16798167472639
560,54.9723668657956
561,61.16442738323744
562,54.51481963697639
563,54.66931267412127
564,58.193857653558695
565,57.058073767226965
566,49.882874057668566
567,45.37729712148314
568,44.26005061610587
569,45.85822980698962
570,34.86802006657595
571,38.590553924252184
572,33.90161240628521
573,24.874158983304085
574,28.341890093173546
575,29.720837487537338
576,36.16402970616721
577,36.333302437667946
578,37.523307108099495
579,44.46600371897482
580,44.762757385854954
581,48.07435845625378
582,45.062148816618404
583,45.86182306304793
584,47.67989533362404
585,46.25832571503198
586,43.98235664776309
587,44.7940385013455
588,42.4280448592267
589,46.62837616779964
590,45.28028805422196
591,46.3473684210526
592,46.3457422546577
593,45.12379811925478
594,47.610229893089226
595,46.92008401335952
596,51.00336151573803
597,55.318255024158
598,53.2802375809935
599,54.599529672153814
600,54.576880530973455
601,54.19048947148236
602,54.49255039439092
603,59.40724561271374
604,55.623629074956526
605,57.652877048588536
606,54.618955512572526
607,56.919975811328364
608,55.36873035954781
609,43.63611639923851
610,42.84188509634637
611,40.166536320559395
612,39.178819833969015
613,40.288118419313626
614,42.22479821397902
615,42.98451635351425
616,44.54811809781381
617,41.65487977369164
618,43.0870519385516
619,35.58895983107935
620,37.376535145022196
621,35.83337744138039
622,37.00666885317588
623,35.57540725170779
624,33.47080529628829
625,33.06529430685107
626,26.428255093002647
627,22.531160115052728
628,21.988001541086476
629,27.097176079734226
630,27.948814049365524
631,26.66148666148665
632,33.40741098603799
633,35.468164794007535
634,36.9831584085917
635,30.00617900090316
636,29.51920368109691
637,30.847904981854228
638,29.72837936046517
639,37.09423258745671
640,37.209827477192725
641,38.19825492488984
642,39.342445511636555
643,34.27063339731285
644,30.665399239543788
645,29.65501273442932
646,34.55718833122572
647,35.44751084671468
648,38.76830118521957
649,38.05721585983483
650,36.668440659925444
651,36.483981996293345
652,34.10750381584917
653,33.81180223285483
654,31.303435411161146
655,37.19287585918805
656,46.55049424233161
657,44.1850717394809
658,45.39702520952728
659,46.77237058804533
660,51.67264587741086
661,53.12062256809342
662,49.512866159572745
663,45.99150729542477
664,44.034481704521106
665,45.364363544750255
666,46.375035354011466
667,48.08482156439196
668,48.42514859979166
669,47.15245510485995
670,48.57561858404316
671,46.520246666059094
672,48.281433607520555
673,47.19988512349224
674,46.036414565826334
675,47.60514346678642
676,48.5654438717857
677,48.92276084180132
678,49.674472042893115
679,50.857095074839016
680,51.7264840959347
681,51.62695942504669
682,54.62760704988182
683,52.16000000000001
684,56.272935779816514
685,53.15090471521526
686,45.593607305936075
687,48.80594930521609
688,50.45568991808219
689,44.72374679839006
690,40.32391862532094
691,38.141576035107775
692,41.67038856632424
693,43.45767185498586
694,44.479758452187035
695,44.13086322428064
696,43.45553915506442
697,37.22817645231437
698,38.01951142131978
699,32.545843176960304
700,28.730960879245146
701,30.825674742998274
702,26.47950346420322
703,37.47700394218132
704,42.13208179684879
705,38.47898300753803
706,37.77138795554406
707,36.546938009940895
708,36.38585934561863
709,43.04394185981257
710,45.67340022056647
711,45.9403154676551
712,45.300445796962165
713,50.02262315479894
714,48.38342241303777
715,47.77780982320539
716,46.366995073891616
717,49.638547882547776
718,48.759681808666556
719,50.16691794098644
720,49.742058104805885
721,49.73125576849992
722,48.69933789511592
723,49.07497565725412
724,52.52431681333951
725,52.997938144329886
726,52.97725459996151
727,56.12547197211736
728,55.18304871780228
729,58.21884791516028
730,60.42526579111943
731,58.370260955194475
732,60.9945634793732
733,49.736449527598225
734,48.70597787475894
735,50.19524440415591
736,46.83662076665426
737,50.12477313974594
738,52.232482346550775
739,45.87863619579039
740,73.40685039211338
741,74.32249455444573
742,69.2952283372365
743,70.51962196535851
744,71.55062808320193
745,70.04032458804195
746,72.85658842785546
747,71.59628526371117
748,72.14546609496577
749,71.9031373100731
750,72.01093145069456
751,72.41433982207339
752,72.30407329453999
753,68.26833021139947
754,67.52811104075028
755,64.98558840484225
756,66.2421595871377
757,67.6993436246505
758,68.92773324392692
759,69.15854982492083
760,71.12070261978519
761,72.09681102062558
762,72.15318709363791
763,75.84380060052501
764,74.94931715673177
765,73.3956108221244
766,73.79367846585308
767,73.56202303210115
768,70.00744760080858
769,69.98646326068108
770,49.75556347710953
771,45.111787603553275
772,46.08932850660279
773,43.48743987172632
774,40.25764895330114
775,42.8829371050256
776,40.01808045803824
777,36.86533603531079
778,38.43426003627408
779,40.919002706039976
780,40.24223635121644
781,40.93812641988511
782,38.732954983179674
783,40.526089526573166
784,41.21786700658591
785,40.62025647736193
786,34.20651133924643
787,28.563919550723412
788,24.707568660574893
789,24.75953522969195
790,29.960364834535127
791,29.988782548509533
792,30.67378819748069
793,30.09556037461573
794,34.355884232630316
795,35.63700073395363
796,38.840018898062986
797,39.40846074978827
798,40.05482307099815
799,37.19074567965484
800,37.73751182185538
801,38.897997164126174
802,41.01719465470516
803,43.08354749988729
804,38.50024545900835
805,42.0905372028404
806,42.66518014317568
807,42.22007161521339
808,47.21411773027072
809,47.4852669539977
810,47.59914651995274
811,44.05006690818891
812,40.40384385103581
813,43.603287250837305
814,48.920248022236485
815,55.42593283342122
816,59.812801552008665
817,60.955247544374664
818,64.05246424939826
819,63.35281162077174
820,60.217452659024
821,60.31133100036201
822,59.80115744175694
823,60.65723112671963
824,57.27823111345092
825,58.29292462178767
826,57.39851004102786
827,56.60115575791048
828,58.21721676462932
829,60.611305779541524
830,60.43145127088694
831,61.183946871242924
832,60.74316163410301
833,56.99653841222808
834,61.897538336762736
835,61.4687120291616
836,62.36959873078593
837,66.08950452850293
838,63.25307342253617
839,62.003589663164114
840,61.88066294499223
841,65.31803579623679
842,75.49007182087027
843,72.57355353822595
844,63.13579326624422
845,52.14647856276864
846,44.913028702073085
847,47.71567649991205
848,45.16203171684672
849,47.86210892236388
850,49.11605318487373
851,46.71666571248639
852,46.25457018960968
853,49.642828690548896
854,53.52642682022917
855,53.5634934199282
856,53.476027397260225
857,54.27685890565706
858,51.6908622690098
859,52.4246140125968
860,48.907504735480074
861,48.37960519370841
862,48.82544079262768
863,53.681194893333
864,54.031523449360975
865,50.444049733570125
866,45.23114901256733
867,44.33279400493914
868,45.03181321299432
869,45.700005584408366
870,48.633762900379686
871,50.30420353982299
872,50.38378706720418
873,51.09051712069882
874,56.35375010788573
875,61.104101917100024
876,58.468288086685064
877,56.84168655529032
878,59.72727272727268
879,57.76546921981317
880,57.94383686847987
881,60.85756530310486
882,60.65826101195348
883,53.72629498726865
884,49.32790509949813
885,48.30648048693161
886,46.50413131275708
887,48.791665174895286
888,46.26718723476495
889,42.94349991413369
890,48.03690195237074
891,53.02788314367468
892,54.04571351058058
893,48.60380544191183
894,49.680516260291796
895,51.49927858979995
896,54.80124161409833
897,56.245325355272975
898,53.364354579539345
899,52.01543168817345
900,47.1376910480349
901,48.423361667123686
902,45.05423344665693
903,49.6345029239766
904,47.7634571645186
905,45.74323908088465
906,48.09417403413324
907,45.953601294847594
908,43.451830315845065
909,42.84178637740645
910,41.7090604675124
911,42.25199362041469
912,41.30468676915402
913,40.590812980725055
914,45.096341893494895
915,48.046235058552256
916,43.645125204371396
917,41.254048376272884
918,45.782868588239005
919,51.658726215181346
920,52.16347544397525
921,49.01507444742442
922,47.17820900836746
923,52.15582334268188
924,45.04035328155936
925,44.87246066900868
926,42.0526767821357
927,42.67304860088361
928,40.28286501082801
929,41.44726258780631
930,47.7539111625333
931,46.38138287303796
932,52.403194578896446
933,49.175810155652
934,50.14392630972943
935,52.70504355684982
936,51.47985581520809
937,51.073141783294574
938,52.85887157767364
939,54.31619537275067
940,54.28131021194608
941,53.84854771784239
942,53.96190129681125
943,55.26530612244898
944,54.359098358453615
945,51.50471711318273
946,54.03230543318651
947,51.74081781877498
948,51.074870274277245
949,43.45881802770794
950,42.75780440893616
951,43.322981366459615
952,43.04803493449779
953,42.76310014921444
954,42.2733188720173
955,38.18206745270083
956,45.57369826802873
957,41.372968001947505
958,48.56081208433183
959,51.636667426141116
960,46.21791183803188
961,48.898606621940935
962,40.6718640030318
963,39.90915852103698
964,38.07106598984773
965,33.90709677419363
966,38.14501157142498
967,39.00132922027444
968,39.32242291188506
969,41.501310820886566
970,44.439243587343206
971,40.8831662633944
972,39.98140792698388
973,41.9130577025314
974,45.994448880270674
975,46.36108298144719
976,49.24204284835262
977,52.092749439781215
978,51.90982737734705
979,53.422549477949204
980,52.643983205260255
981,51.597208374875365
982,52.98333265080471
983,51.14453891432307
984,49.21721343718041
985,47.8717502343466
986,46.920289855072475
987,50.01676627808351
988,50.56381442896718
989,46.86886672197155
990,50.76534517067197
991,49.722547870261806
992,63.80344546283413
993,63.47953402508116
994,63.708672735984656
995,66.9779930157475
996,66.2695808725792
997,65.25934655257808
998,65.6349782906185
999,63.69115909518997
1000,62.384772359439886
1001,66.04216328963048
1002,66.91574676856308
1003,66.100154679041
1004,62.122263966024214
1005,62.33375972061481
1006,58.60441251924063
1007,57.739691585652004
1008,58.22448851643645
1009,58.551193678547435
1010,55.747621432148215
1011,55.25950045665728
1012,51.34013392115989
1013,52.55795736426879
1014,58.554444690309985
1015,64.76186429876364
1016,64.5767489536175
1017,63.610038610038615
1018,61.375649055812985
1019,63.27606815571751
1020,60.5036297640653
1021,61.25370919881305
1022,38.23888662693856
1023,40.176249077992225
1024,40.99048792698426
1025,38.46393640649963
1026,35.19023798696381
1027,37.14755814823128
1028,34.232300366872266
1029,37.10959011879472
1030,37.01204441131465
1031,43.770302461560654
1032,44.79867011451785
1033,45.16531503431068
1034,46.732733416866
1035,44.44568286521027
1036,49.4311286407767
1037,50.706099815157145
1038,47.12764836091495
1039,51.34883411502506
1040,53.5319207961993
1041,52.47824313298884
1042,64.92248789459859
1043,66.07000217849105
1044,61.63097787294789
1045,54.83815308164824
1046,52.34972281604403
1047,52.31170903288973
1048,52.564564997835866
1049,47.663679277553555
1050,47.21589732974542
1051,51.22884192407001
1052,48.006093735997865
1053,55.14842300556587
1054,55.368086361188745
1055,56.078522898189945
1056,57.05503667352646
1057,54.96253209663052
1058,55.035141088849215
1059,54.86231769599326
1060,55.718290669950484
1061,50.73481206293708
1062,52.60435495981534
1063,52.063117036537
1064,53.712255772646536
1065,54.4532786658171
1066,53.224842812028804
1067,52.69729838593665
1068,54.63711481669296
1069,51.062496082241616
1070,54.727488893060546
1071,56.08387572541604
1072,53.575786334056374
1073,49.71145637698479
1074,53.266208251473444
1075,57.83339046966051
1076,58.29006707848559
1077,54.44149406974687
1078,53.007532476984046
1079,56.00968932636116
1080,58.03623826291083
1081,52.991207165749024
1082,59.79414901015348
1083,45.55770159343303
1084,44.804797454411926
1085,44.50549450549448
1086,48.48947207812028
1087,48.271462421775304
1088,50.600522193211546
1089,46.50266409704123
1090,46.151651737319476
1091,47.84125857582203
1092,47.399498986043234
1093,43.46343957729666
1094,39.45644261101663
1095,37.04716336295276
1096,35.13960019824876
1097,28.82531838053592
1098,30.1200173519062
1099,29.122005778730426
1100,29.905982118167344
1101,30.185607294040835
1102,26.168572849328527
1103,23.767406849830493
1104,19.28813559322019
1105,28.327593498882166
1106,41.41252006420546
1107,40.48768710767741
1108,41.024473261583445
1109,41.13391655450871
1110,37.97731112720247
1111,38.571872534723035
1112,38.3017613825191
1113,39.17694497153703
1114,39.34096607844066
1115,41.75378658467147
1116,43.411298709920096
1117,44.833853126612645
1118,43.1558123328013
1119,43.79776870251644
1120,42.39472030169707
1121,43.67468530215478
1122,42.8482614680936
1123,43.717010624561105
1124,44.01227326053606
1125,44.61826997850053
1126,45.42750929368028
1127,47.35516372795968
1128,44.1136948550345
1129,45.80836244996183
1130,42.68573421695155
1131,44.09180025371931
1132,47.097664334286016
1133,53.912709586586445
1134,56.14021058243367
1135,53.75231884872673
1136,41.28184997501965
1137,49.80534743646247
1138,44.87149017078056
1139,45.504940949626395
1140,46.38657821768283
1141,45.178193302946575
1142,48.57062484616194
1143,51.02300505642429
1144,47.787923606198994
1145,46.673453303559654
1146,46.66119231400888
1147,45.493985407217494
1148,45.9592270403081
1149,47.05045492142267
1150,48.690382442565124
1151,49.51829145051537
1152,50.25125628140709
1153,49.558357494437345
1154,47.025606075357814
1155,48.7849412389616
1156,48.651789865179005
1157,47.66723060905776
1158,48.98853111311733
1159,49.21438082556586
1160,50.318232871583696
1161,53.05978068623979
1162,49.69280809541019
1163,49.92055164143311
1164,54.087146650007874
1165,49.307865310906216
1166,49.92020028164603
1167,45.23917552501949
1168,46.403164683199236
1169,46.471136560356896
1170,47.637795275590534
1171,49.78518422080463
1172,48.01711647966576
1173,44.32769367764916
1174,45.4844486678118
1175,41.21242811154919
1176,35.24327546382534
1177,36.589995533720455
1178,37.73006134969325
1179,32.77730879621812
1180,32.754082872182465
1181,29.15989710262656
1182,34.34595688183596
1183,34.86282688913843
1184,35.666218034993264
1185,34.43931121377568
1186,33.599142686040224
1187,31.106831246899517
1188,36.13554519156971
1189,35.763909506561376
1190,34.12174602724977
1191,28.416614708589435
1192,35.32322191135326
1193,28.5813288671999
1194,27.19378293250122
1195,30.200202585950066
1196,26.78871763765197
1197,25.26589520218434
1198,24.15173133808942
1199,28.290404755165554
1200,28.219294517637053
1201,26.151379712397954
1202,30.34891979197691
1203,35.726903185987624
1204,36.19448037947392
1205,36.49903246146153
1206,42.10808470277739
1207,41.76587713112373
1208,37.76473493266472
1209,39.42807281957722
1210,41.839010350151554
1211,40.55951809009942
1212,41.352780309936215
1213,38.7965243568692
1214,38.59386432083851
1215,41.28011148715906
1216,41.77215189873419
1217,49.121055748244636
1218,45.23970401621649
1219,49.00082880559904
1220,49.52454820445204
1221,50.0595835423984
1222,49.81011361666587
1223,55.54094550792
1224,57.2658867791429
1225,56.353811991117695
1226,60.98084495366669
1227,64.94971091303299
1228,69.37027942684858
1229,65.92430043265787
1230,66.14245067112014
1231,66.25048169556837
1232,62.27257282303153
1233,58.39048707690354
1234,57.238234561752975
1235,60.37197490289811
1236,60.063532210228374
1237,57.44340071858361
1238,59.629729486833824
1239,59.70485017547014
1240,60.83153536649365
1241,62.8414806782928
1242,62.049925404125055
1243,66.62671397065871
1244,83.09898595612879
1245,82.81876763023729
1246,82.9690870495621
1247,80.79031820844882
1248,83.09793351302784
1249,80.39478270440827
1250,81.53427305079862
1251,81.25491939143075
1252,80.91723227752638
1253,78.7175406590847
1254,77.90164390088941
1255,78.36253836253832
1256,76.03816610657702
1257,75.91361959242761
1258,75.6929507731017
1259,77.20630846924412
1260,77.1550070009853
1261,77.30705432666053
1262,79.06493999135955
1263,80.58817215842004
1264,81.66719237755464
1265,80.18719698330035
1266,79.42349043993718
1267,81.85531690604819
1268,83.76585963836953
1269,84.91441762235696
1270,81.95113363429442
1271,82.09152632043026
1272,82.0010634526763
1273,81.25424380244694
1274,35.939757453701745
1275,33.220239591187195
1276,31.5728801981045
1277,34.45785378127776
1278,33.887444279346326
1279,37.577879614850026
1280,36.82783320542346
1281,39.239790145046875
1282,37.722636626579394
1283,39.948412058681384
1284,42.123799359658534
1285,40.845377692937156
1286,42.39216574210352
1287,36.624992450323255
1288,33.12128922815951
1289,31.73322498258659
1290,29.20339172152201
1291,24.686992812427704
1292,23.7959548552913
1293,23.562993227738374
1294,26.340223278434877
1295,27.301369078306777
1296,30.43143297380584
1297,30.857653032754882
1298,30.797505012252202
1299,26.89757658893457
1300,29.61611076148516
1301,31.445707070707016
1302,25.507383183871582
1303,24.80167835835573
1304,16.3332938809326
1305,19.60010028832893
1306,19.925851451552077
1307,19.22633844661371
1308,27.711505689626847
1309,27.646155533618582
1310,25.963123197363117
1311,22.919359649995172
1312,23.212487411883274
1313,23.777594388281543
1314,21.462556888705123
1315,22.397669783841877
1316,27.550966654375188
1317,24.809069778473656
1318,25.12369697843127
1319,27.97850840439706
1320,40.946173436353504
1321,40.86151195347843
1322,43.05493323774536
1323,38.82110536522311
1324,36.94046598930929
1325,45.24099405571872
1326,43.886687215617286
1327,45.35244836053732
1328,45.14053626626413
1329,44.974037600716194
1330,46.77736118550266
1331,46.04696251615686
1332,45.369322201782985
1333,47.1007931621455
1334,52.76755687438183
1335,52.530915742176624
1336,52.301886792452855
1337,52.399713467048684
1338,49.147570256366606
1339,50.38923968514828
1340,53.73264686954117
1341,53.26012666879297
1342,53.403691520467845
1343,53.723257735745044
1344,51.96731503685943
1345,49.824202234189336
1346,44.23356416175088
1347,49.77798771846952
1348,49.9123762610713
1349,45.43899144529485
1350,41.399487402678986
1351,41.39348225510104
1352,39.95454330223961
1353,44.321882550687995
1354,50.59540958417362
1355,35.90008257638317
1356,41.56669019054341
1357,39.72411132011776
1358,39.777831441680775
1359,41.019214703425305
1360,39.839598997493745
1361,44.66955428252063
1362,41.887583526226116
1363,41.301676468006704
1364,41.84782608695653
1365,41.852882358055815
1366,40.06575661727979
1367,41.900271831464515
1368,41.74935059404675
1369,41.407682141791376
1370,40.65126050420169
1371,44.707406607644096
1372,45.6940570692985
1373,43.96312983094283
1374,42.75778894472367
1375,43.815231572080855
1376,47.89343515425001
1377,47.305075876504525
1378,45.62776025236595
1379,47.51850716194317
1380,40.82420200095289
1381,39.188694777279814
1382,37.407779281442394
1383,36.61183507797491
1384,42.204908453447615
1385,46.401451231859625
1386,39.47195873584823
1387,40.528634361233465
1388,42.51491864508653
1389,41.75158828294887
1390,42.00874474678438
1391,37.64539524700088
1392,39.54669605635152
1393,39.414489708200044
1394,38.70609267043535
1395,37.45780692448649
1396,38.733482921964615
1397,39.39528460096679
1398,38.531973866561096
1399,39.00765243149852
1400,37.05909943714833
1401,31.152701712018768
1402,32.37175414072105
1403,31.226249336003036
1404,34.89956180311515
1405,36.473327688399834
1406,32.85573317544903
1407,36.94243800729766
1408,40.51358950328036
1409,42.1903391883707
1410,42.63906955390623
1411,45.172084130019094
1412,47.33480819802147
1413,50.657314460918066
1414,39.31654492516738
1415,39.99999999999996
1416,44.049604001667355
1417,41.47253084839491
1418,39.34502802574222
1419,36.632036723846404
1420,36.610595514307825
1421,37.227571011160656
1422,39.80842721723159
1423,39.21674082041751
1424,46.167835801506826
1425,47.83579525936106
1426,49.39192685872009
1427,49.240884121285575
1428,45.59436078180071
1429,47.04919310828714
1430,49.68100432187689
1431,53.59204333540534
1432,51.623022367703186
1433,57.274915743861314
1434,57.86324786324786
1435,58.06039982985959
1436,63.742022518549426
1437,63.373342418365894
1438,52.30094277980019
1439,52.90105534817278
1440,52.70915602902017
1441,51.44055433989793
1442,52.28673370094074
1443,51.2360295510514
1444,48.286173346424995
1445,46.542031054792076
1446,45.74068203432817
1447,44.779428064730624
1448,43.474517906336054
1449,44.39755593652464
1450,42.262032314747344
1451,39.51339194438767
1452,38.63738969833783
1453,39.26753983482108
1454,32.32628398791556
1455,28.54058341411833
1456,27.382168717515952
1457,26.028570141048178
1458,29.290158232499024
1459,31.23392091472141
1460,32.01118377404988
1461,33.77890525904971
1462,31.275125344414903
1463,27.64998917045706
1464,27.395235611198146
1465,24.02001305199056
1466,26.77221870382101
1467,21.767117851946637
1468,27.88709998012331
1469,25.089048311844735
1470,27.200198216055583
1471,26.81616102398759
1472,26.94648993618071
1473,28.8739126278559
1474,29.761552862351053
1475,30.957717017779856
1476,28.406084656084673
1477,27.455367334824913
1478,32.05669892326574
1479,34.13862525165379
1480,41.112377478915036
1481,42.69077826169286
1482,42.441641566265105
1483,43.66731427514107
1484,43.85431074227759
1485,45.607978519371
1486,44.92726242206689
1487,46.08372093023264
1488,43.77142341692227
1489,44.926447850863575
1490,41.69524128125787
1491,41.9090075827015
1492,42.79332936271589
1493,44.70070657245703
1494,38.09063054346075
1495,38.10599338549649
1496,81.40780227768354
1497,78.90324095819635
1498,76.70018218296707
1499,77.23250756538448
1500,71.9721763174665
1501,71.79382198614417
1502,68.76431858991559
1503,69.06093160654599
1504,69.05669634187475
1505,70.47763930333704
1506,72.60887645546651
1507,73.507152083433
1508,71.26883217033122
1509,71.79768850158777
1510,71.40383391366207
1511,73.13024345741734
1512,73.91963542351344
1513,73.98438661060068
1514,70.25026112387717
1515,69.73110163727752
1516,69.1125816926302
1517,69.44787770369166
1518,68.34309583253312
1519,66.30142420756141
1520,64.9300294490159
1521,65.33060898420698
1522,67.20034746663873
1523,65.02706502126797
1524,68.40708334494386
1525,69.09607455912415
1526,48.70081321386261
1527,50.51238410359563
1528,54.162734062758524
1529,53.87681881602552
1530,54.03457196613357
1531,55.45908020792058
1532,55.59709775788944
1533,57.57677237868792
1534,62.13547763244949
1535,60.32846326117093
1536,58.35665509907086
1537,59.48830360800204
1538,62.46063101663792
1539,61.43426928627431
1540,61.30764407455965
1541,57.98168001248542
1542,56.63862631168155
1543,55.697032692355265
1544,60.54340238907398
1545,62.13603946592306
1546,63.94110740745735
1547,63.13364055299535
1548,63.645594269420634
1549,65.98315740900955
1550,68.54001587753324
1551,68.48052825091912
1552,66.00996340303408
1553,69.86315394328221
1554,64.64676616915415
1555,62.171983857690655
1556,60.5671046743419
1557,60.99317893720191
1558,58.497998330157735
1559,59.146084464300706
1560,67.93593374425848
1561,66.5743122897288
1562,74.53421073495593
1563,66.56398104265398
1564,53.36451665846043
1565,48.13894833384291
1566,44.862533692722366
1567,42.55008425388508
1568,37.19759302468378
1569,36.623408028373454
1570,35.33559161808729
1571,35.499188793478694
1572,32.61335951419947
1573,38.56256714142154
1574,34.23790444766168
1575,35.86603185027097
1576,37.904943570179604
1577,38.49932302654364
1578,41.62549908641808
1579,41.01350225037508
1580,41.77391422459163
1581,36.65934669228656
1582,35.08702791461417
1583,37.5705924632919
1584,36.010235213069585
1585,40.60395114247963
1586,44.70722809620977
1587,45.0908755986737
1588,39.99530571529167
1589,37.03703703703708
1590,35.61430344310081
1591,36.14520013763042
1592,35.81762637616002
1593,36.92984280747634
1594,35.828984922305196
1595,38.8037839487336
1596,40.624900162934104
1597,36.79460955360365
1598,40.15721120984283
1599,39.73174030658252
1600,37.87166608471439
1601,36.520928305014536
1602,36.4199922510655
1603,35.061337554412404
1604,35.981156595191734
1605,33.75732496459021
1606,28.40510590545665
1607,32.08430913348951
1608,31.446194225721854
1609,38.3727724218522
1610,38.83892270162388
1611,42.699751377175495
1612,43.67162765188344
1613,44.804084424467476
1614,47.1437820608596
1615,45.32059043252011
1616,41.78997423159685
1617,42.187747348424836
1618,44.6398659966499
1619,45.98130841121497
1620,45.52183567727608
1621,45.41616749386731
1622,40.79614325068872
1623,41.26678927715538
1624,41.1372538126059
1625,37.574393210164025
1626,40.765328957183364
1627,39.787894966752425
1628,41.4434400887399
1629,43.292030346992654
1630,46.69737333499312
1631,48.42882594438275
1632,52.656589792466576
1633,48.187430742440995
1634,50.2329028160068
1635,50.813255401867195
1636,51.586832778434065
1637,50.96140770757978
1638,51.462470132652165
1639,45.19413808732438
1640,42.599185440460225
1641,36.72861832953092
1642,37.343837929094
1643,34.392417597962975
1644,30.336017627154277
1645,30.8997242025291
1646,34.767151609893915
1647,32.302238996276955
1648,36.302089698154745
1649,36.302089698154745
1650,34.70083872625757
1651,34.01100048736342
1652,41.14022614936692
1653,41.30617054544633
1654,45.410702829458266
1655,50.38453638832468
1656,47.9108370879772
1657,48.55563566450373
1658,41.99473127015787
1659,42.17411579903291
1660,39.24946896388956
1661,42.13442600051217
1662,37.1037510491316
1663,38.03273625694872
1664,44.32243870532971
1665,42.527145190737
1666,41.011527484339666
1667,36.60722351708312
1668,42.88173100565527
1669,40.7940493084036
1670,43.17121277721651
1671,48.96142433234422
1672,44.085524009814236
1673,48.70106784994799
1674,55.17619203546511
1675,55.12363035721041
1676,53.73531453250726
1677,56.41474972850233
1678,54.88060115490331
1679,55.20875403877221
1680,58.064846722435014
1681,59.35499319453547
1682,57.63693681859978
1683,54.25533230293662
1684,52.1098341959821
1685,51.24275907826575
1686,50.92243904294573
1687,50.84893835226193
1688,51.36663042783142
1689,53.07532826537665
1690,56.23282904135683
1691,57.30875049129953
1692,58.098285438299946
1693,55.76519673176103
1694,52.38443334861418
1695,54.45147968005574
1696,57.45747900862452
1697,59.84882463129566
1698,53.94729648460994
1699,53.9605720066716
1700,52.968061523303874
1701,47.29654789962567
1702,49.47357735367479
1703,52.58373140625212
1704,48.76549563989824
1705,45.28576578575192
1706,52.96306554751382
1707,54.11032132996533
1708,54.50783920782743
1709,54.30368246551745
1710,55.11242466388505
1711,55.19706627488634
1712,52.94466182224706
1713,55.807732645149144
1714,56.70202737372171
1715,56.21982037562139
1716,55.20527517591688
1717,56.348847718029845
1718,57.50640108668214
1719,53.807779819192824
1720,52.618441415805485
1721,49.23273005353046
1722,50.06026204268884
1723,53.23579681411089
1724,53.16673494469481
1725,51.86236892773537
1726,49.43251554893605
1727,48.766053548106235
1728,49.80409047963096
1729,50.755419622502586
1730,52.2110989596478
1731,54.62600302190143
1732,57.710070359235054
1733,50.153441473038164
1734,49.01250023356194
1735,53.06588982622241
1736,39.479313403245094
1737,30.158347883677436
1738,28.532056861038527
1739,26.789605578557385
1740,22.51340598512347
1741,18.252326783867503
1742,20.051456829724515
1743,19.607266549042535
1744,18.314053732091736
1745,18.225494478068114
1746,19.69346346044189
1747,23.190316800216237
1748,70.32925411730905
1749,73.77647918188461
1750,73.87292552016326
1751,74.41157219531354
1752,75.64442078647947
1753,73.25912872210849
1754,72.95944045114916
1755,73.56017903440092
1756,75.799330580988
1757,76.95024711696871
1758,78.57402398158989
1759,78.40204109037195
1760,77.7149012763172
1761,78.00421548231688
1762,77.71596100088635
1763,77.81367943739986
1764,76.94988227379748
1765,76.63232082322835
1766,76.34100258619534
1767,76.18013302213888
1768,76.48867576939747
1769,75.91793382540769
1770,75.86504257841972
1771,74.82618077199709
1772,75.32268182970942
1773,74.48948612009451
1774,74.71236975546461
1775,74.9047612726814
1776,74.05593487394952
1777,74.08519791202157
1778,29.311294765840287
1779,25.607967529588365
1780,21.617036011080387
1781,24.2899744390798
1782,22.482173955903164
1783,25.44370396352157
1784,23.36307127443719
1785,20.851063829787222
1786,16.493567803611498
1787,26.06583072100308
1788,28.64748383825581
1789,27.427184466019412
1790,26.13139698910807
1791,34.303228612255865
1792,39.28439546770835
1793,37.458206759519314
1794,39.878420596981215
1795,41.33235255285839
1796,40.113490755994874
1797,42.3841642745188
1798,43.27897119045911
1799,47.162119786767015
1800,46.243761491988444
1801,47.02459313529086
1802,46.08380247100161
1803,48.5476144855336
1804,49.929662772068326
1805,49.651246381316895
1806,48.42713663066136
1807,47.26893595659645
1808,49.24752355884188
1809,47.75401616699071
1810,44.995275833477955
1811,41.78413246834398
1812,46.289197628975856
1813,45.710261947235004
1814,45.327250721534305
1815,45.323031092906334
1816,48.588407246432574
1817,40.932109510998615
1818,47.44253177033826
1819,51.30622444343477
1820,51.21895906565371
1821,48.33880393883597
1822,41.16076447442385
1823,39.10920362422509
1824,36.70792751542433
1825,45.07063597635929
1826,43.298985748718046
1827,44.176713223232625
1828,45.82882576577134
1829,41.05470172627288
1830,40.92651757188501
1831,38.893182445487184
1832,45.901985898504066
1833,46.70260336906586
1834,48.26433897418212
1835,50.70805155771344
1836,52.4421473041231
1837,52.77293827391463
1838,51.42280593747862
1839,52.44631143858388
1840,53.90734134543226
1841,54.605201609130894
1842,52.97326139799609
1843,54.100724443875954
1844,55.78403395602024
1845,58.07800110198117
1846,58.130159109941374
1847,60.34949575239702
1848,55.17774967033557
1849,54.58492532129214
1850,55.359997832154555
1851,53.63902031728358
1852,57.28630978813619
1853,61.18776606986503
1854,59.76143786031287
1855,53.16123022671698
1856,54.99062268793339
1857,50.55670981833679
1858,47.809238865958946
1859,53.311389593908636
1860,55.99720796860849
1861,60.61104865906537
1862,52.669030561786876
1863,46.77978991396931
1864,42.223160404301275
1865,34.481718808895636
1866,32.94641720758564
1867,32.907136671590806
1868,33.80163775737121
1869,32.02138520229967
1870,33.468842234226216
1871,34.13899855150669
1872,32.180338402227406
1873,27.312278440219117
1874,26.446495904303703
1875,19.369911504424763
1876,18.862502968416024
1877,25.4126855718565
1878,25.86625125180818
1879,29.358274876591295
1880,33.7357819152316
1881,33.72578083642138
1882,36.36289699483553
1883,36.70778564206268
1884,36.61006010245653
1885,39.65326593476031
1886,43.46462669276555
1887,42.73734239365254
1888,42.28803513476746
1889,40.11208366914699
1890,44.44000069554334
1891,43.13367547273791
1892,43.61723925961345
1893,46.230557283797026
1894,51.222063560588424
1895,54.7646207542351
1896,52.49192206011944
1897,52.61178845246041
1898,55.28232713766547
1899,54.61024857211811
1900,54.260930911189845
1901,54.23310523869808
1902,57.03581748538404
1903,59.201136344189024
1904,58.915798078888166
1905,65.11255834964615
1906,64.04543303360146
1907,61.86604023611608
1908,62.41239619201941
1909,61.02780577956986
1910,56.60121294372112
1911,57.05003526620644
1912,52.47042919905371
1913,53.46436370855666
1914,56.07431228743951
1915,52.32945481842916
1916,49.64859921055164
1917,52.05410315938222
1918,54.31565643267157
1919,52.888239366202626
1920,40.28456961055794
1921,40.35709015788699
1922,41.119916093695366
1923,38.05581110088928
1924,28.92784032753329
1925,37.16774120574598
1926,36.90372574894012
1927,37.27881663410553
1928,33.229343078705796
1929,32.48990500537431
1930,31.49712740790808
1931,33.239289142258826
1932,31.259492447463643
1933,29.338865684765963
1934,28.213190994609533
1935,29.533773861967674
1936,33.84673178061608
1937,35.7127211662489
1938,36.33322830065202
1939,37.699824486504475
1940,37.68999122661416
1941,38.84426439430983
1942,39.98859911643158
1943,37.716314154710886
1944,37.67823281700205
1945,37.27071204111963
1946,39.29623014915285
1947,39.41227730441523
1948,39.024039498597894
1949,39.29907557143201
1950,42.250093132993946
1951,42.43663939333469
1952,37.14752081756247
1953,38.81692786869037
1954,38.28523340428694
1955,33.581950400895025
1956,37.668519310246516
1957,34.845500084426135
1958,33.06903110015804
1959,33.79599211563729
1960,32.9789223412497
1961,29.30449944301833
1962,31.420015601801722
1963,35.546722590714
1964,37.15968185989596
1965,35.8697602871427
1966,31.44403075027462
1967,34.865373848424696
1968,31.52662944903777
1969,28.36382090378538
1970,29.268524910142617
1971,26.157623150189778
1972,28.13910273427129
1973,27.84700473112541
1974,27.346493619805813
1975,27.785288446621237
1976,24.790285554911904
1977,24.127202873131182
1978,20.677869043145222
1979,30.06192055220953
1980,29.029235382308826
1981,28.409223535688668
1982,30.546017995175447
1983,29.54661579861701
1984,24.71541935575786
1985,28.770539312817604
1986,32.819293650995476
1987,36.603179677605794
1988,40.38722052388658
1989,40.494506815395354
1990,45.30073009618726
1991,50.60405300077942
1992,50.415362665684846
1993,48.37797101449275
1994,49.72592478091817
1995,49.66627871071947
1996,53.50632305998286
1997,51.69576722633726
1998,58.38319126988435
1999,79.0221375588074
2000,79.48625284666173
2001,80.36165819936437
2002,80.27138354336718
2003,77.65062040894563
2004,77.28593872741556
2005,78.0476397287275
2006,78.51277627790785
2007,79.77870261367468
2008,83.82817072750854
2009,81.21211417423417
2010,79.14601299201018
2011,80.5009597144429
2012,79.25817634094211
2013,80.25155616150559
2014,83.7881828576763
2015,83.15420008365619
2016,79.29548210490935
2017,75.35047278543543
2018,72.20801264910367
2019,70.56477725893865
2020,70.33118043149653
2021,67.88186539248521
2022,69.9453640330297
2023,70.65277905399199
2024,71.62633193455169
2025,71.35561189694042
2026,69.71357595594628
2027,69.7691742845893
2028,67.63071741550942
2029,43.31529014609158
2030,42.36110426666403
2031,43.02935010482177
2032,43.9984835818574
2033,47.81667522477621
2034,46.0975491385586
2035,43.48400918723821
2036,42.932959829255246
2037,38.34358705030568
2038,40.04723777562967
2039,39.385296992852055
2040,42.894571654703725
2041,40.305905417152154
2042,40.29100186729277
2043,40.900689882335705
2044,40.45356645128594
2045,38.586185417171336
2046,40.60025124255831
2047,47.57051799330863
2048,48.64719517848865
2049,52.29930431067311
2050,52.183385784249836
2051,55.38169302815442
2052,50.54821361570851
2053,49.098619227387914
2054,43.41693121693121
2055,43.88691596782476
2056,48.12638217708248
2057,44.6307947658934
2058,50.00179340028694
2059,48.67683471249344
2060,54.02320668141155
2061,51.50644941217534
2062,49.54022442745676
2063,48.95081940964079
2064,50.305239254920025
2065,51.339255726472764
2066,51.0081839341281
2067,53.051113636955236
2068,49.496474885203284
2069,51.69978815696561
2070,49.72163221767891
2071,51.25626254855234
2072,52.22345428822697
2073,51.02248996756902
2074,53.79952765642579
2075,57.102652874832714
2076,54.94425767159542
2077,52.422470164231584
2078,53.89496572075172
2079,51.71592708610267
2080,48.27793352022426
2081,45.30863904200726
2082,43.63983531236949
2083,43.33831093412975
2084,44.26529154713053
2085,45.17362978901441
2086,38.94928867014376
2087,44.00295861827335
2088,34.88967381200935
2089,34.12951014148898
2090,24.841531858699256
2091,26.386478003962637
2092,27.389207389207414
2093,25.10107935168581
2094,25.748341027120603
2095,27.473960659603705
2096,27.775168876205598
2097,26.34933689729614
2098,31.692328937374853
2099,30.56637698531614
2100,33.14579940449751
2101,30.208232131869522
2102,34.30043931138326
2103,32.26823996728778
2104,31.558145862271388
2105,30.193216215451585
2106,30.17656954634768
2107,25.756781368139272
2108,33.07478172845752
2109,31.814364479497556
2110,38.85131301209741
2111,39.19963359477871
2112,38.83412548067649
2113,41.105198245934595
2114,42.21643620327692
2115,42.15062348824646
2116,41.27108219036341
2117,38.668603853017885
2118,37.9978640885841
2119,47.84787624342827
2120,46.671952351485146
2121,48.803243876894086
2122,47.303325789537396
2123,45.01950008863677
2124,45.89663231700838
2125,43.72145922007204
2126,43.870766943034745
2127,45.074125725046414
2128,43.007518796992485
2129,44.65293922284955
2130,41.97743216591771
2131,41.53975029631147
2132,39.439283071610646
2133,42.58468625358126
2134,41.25142846777558
2135,43.45337125887762
2136,41.83819349949189
2137,43.06164960333288
2138,37.855682634399685
2139,41.828174455619745
2140,40.711915479678716
2141,41.203599760514905
2142,40.1339468768509
2143,38.004889360248775
2144,39.16465479885744
2145,37.68817016520554
2146,39.269597496178754
2147,44.423482986603894
2148,47.26305939148004
2149,34.16156896200715
2150,34.03687011927427
2151,31.089103232035498
2152,31.074844492007244
2153,33.80548370408691
2154,31.039627771833565
2155,37.883718305620334
2156,41.686322378142236
2157,39.387606444787465
2158,39.33269252418189
2159,42.15293661082165
2160,40.80293487643466
2161,43.33765074052919
2162,42.220184492879696
2163,38.3802292690189
2164,40.020785219399535
2165,33.87939517414384
2166,37.894472000575085
2167,36.70194249112302
2168,42.24548550949015
2169,41.93717173456615
2170,37.33230823359243
2171,40.765547880632695
2172,38.26838424562845
2173,38.36914600550964
2174,33.516529443724664
2175,36.25190441620059
2176,39.71597621581511
2177,36.99867036739317
2178,40.14601344860711
2179,38.89545543384181
2180,46.59459723272896
2181,43.27448269609954
2182,49.01679225423291
2183,51.37808623509234
2184,50.16226179967807
2185,52.316457857885844
2186,52.318974671046504
2187,55.08258020473617
2188,53.271475517092675
2189,53.60482592250297
2190,52.800665447068155
2191,52.75050660331214
2192,55.186373119920276
2193,56.786963470848484
2194,57.92494692832717
2195,62.185985900939166
2196,62.15589675825516
2197,63.31788682450613
2198,61.7639484464461
2199,61.39179076271826
2200,62.89335840336525
2201,61.91307389037262
2202,64.64269234727243
2203,65.13067676314964
2204,69.44017516145021
2205,68.89161542314925
2206,67.38344655524828
2207,66.73625453530562
2208,63.81529696755643
2209,66.88797949436054
2210,62.906482992399994
2211,69.8358604814092
2212,65.36600781429556
2213,61.07121850798942
2214,67.72587239154444
2215,63.055323490488625
2216,61.41200634575149
2217,57.94729866037564
2218,65.08084720848319
2219,61.243325856969896
2220,68.6330119115145
2221,67.280551360803
2222,61.47871885359858
2223,59.033779510961224
2224,53.63868139732523
2225,42.70456503014641
2226,37.87195350246924
2227,37.445922415495346
2228,37.74609148812967
2229,39.190837266026826
2230,37.79789301421703
2231,36.6102268879106
2232,39.98264213876078
2233,40.36386750962065
2234,40.91566097208436
2235,39.06499757538749
2236,39.65614687596854
2237,41.254457173203825
2238,44.13758116883115
2239,46.495178214877434
2240,38.85572019047159
2241,37.725885942267084
2242,37.28777539020997
2243,37.79378679814277
2244,28.278546482177703
2245,22.7974516443782
2246,25.20726411369921
2247,23.39195059402317
2248,21.31329699984134
2249,20.93936007069898
2250,26.788927701915995
2251,85.86041795163969
2252,83.17968722223064
2253,84.97810382537615
2254,84.46462994333777
2255,85.03962477761598
2256,85.81150651617517
2257,85.79395391306903
2258,85.60735943883296
2259,85.53102639989359
2260,85.91051184140234
2261,86.31601963941398
2262,84.75973420550234
2263,84.65741680544741
2264,85.62773263663789
2265,85.73771046865397
2266,85.68051856399148
2267,85.61347752377549
2268,85.39652256861638
2269,84.17268238436274
2270,83.54102597966153
2271,84.11072486893092
2272,83.76346069264928
2273,83.0642173437947
2274,83.59914084303611
2275,83.24996745941722
2276,82.3422523684685
2277,83.47879337506251
2278,83.13214872608941
2279,83.24841150337278
2280,81.80811175328256
2281,35.434817044194475
2282,37.051146150788405
2283,20.452238440267394
2284,20.367046028896553
2285,22.096956031567046
2286,24.089034613304463
2287,24.32436986116727
2288,23.518391815723447
2289,21.33148225874153
2290,20.43549534502492
2291,26.83211263599516
2292,26.23805749092577
2293,31.309292973985933
2294,27.42561624497776
2295,34.05242059821151
2296,35.2219305207888
2297,35.70014109260126
2298,34.26463775346568
2299,33.80167807256022
2300,34.76402514525189
2301,40.4955397016176
2302,43.46589395860188
2303,46.060606060606034
2304,42.804553001835195
2305,44.76045496939355
2306,45.31572206907032
2307,47.03006728343146
2308,48.845993322203675
2309,50.021101498206356
2310,52.63271077277079
2311,53.57789756235951
2312,54.788498231441295
2313,59.650614704310236
2314,60.91383620055879
2315,58.9806060606061
2316,54.71458368296134
2317,55.659103980093654
2318,57.42848838617482
2319,58.21313266471072
2320,58.74679451443866
2321,53.099809281627486
2322,56.244192153852424
2323,56.000650036564586
2324,58.325253531091995
2325,51.81824822850467
2326,50.393816709606206
2327,49.906689216772634
2328,53.194299833719235
2329,56.44416595211408
2330,56.48936695932935
2331,49.639300484023565
2332,43.22836295745931
2333,44.655956913362374
2334,44.79405354049063
2335,42.9248281042353
2336,46.300778684679564
2337,41.03645793018035
2338,38.66623724310065
2339,40.44989934918988
2340,37.8014128418642
2341,34.58158196408091
2342,34.83959670027485
2343,32.78306768784921
2344,28.82258923814588
2345,36.74701424144998
2346,41.92501431865238
2347,40.89027069849481
2348,41.190110518866526
2349,42.94801295960528
2350,44.452990401181395
2351,43.59067185567318
2352,46.96712344541683
2353,42.09826152683297
2354,40.028496719745746
2355,38.77244600825043
2356,37.89484606376831
2357,38.316846522781816
2358,38.88567778048186
2359,38.56248585866202
2360,37.367568611717836
2361,36.43475993161602
2362,38.313534217062134
2363,35.18684469934584
2364,34.05021029354377
2365,38.27110389610385
2366,36.37314369378794
2367,39.32476820090642
2368,39.96873585914681
2369,37.791493283436175
2370,37.910602473770496
2371,39.26814758926892
2372,40.450205629750236
2373,42.610679076602786
2374,47.584622660631084
2375,38.01680912189294
2376,36.007074298557505
2377,33.88949160151131
2378,34.471407072987134
2379,32.311661308022494
2380,32.958249872353704
2381,35.83431194619406
2382,31.693790344576684
2383,29.886831275720027
2384,29.044293089236774
2385,28.36503834258349
2386,31.628299802932062
2387,36.92755274347436
2388,38.34497903773208
2389,34.77387116631054
2390,32.68775847104267
2391,43.1180981595092
2392,45.75782838254871
2393,50.55292035398232
2394,52.5902576264196
2395,45.87306656932977
2396,45.5177649559672
2397,45.937231622244624
2398,44.451278051122074
2399,47.3905662841142
2400,46.05222344415306
2401,47.63189405196417
2402,47.112302581735506
2403,46.65618191524663
2404,43.542570997019915
2405,48.680547067052366
2406,45.18235681369321
2407,47.51963568449871
2408,48.83773133137132
2409,48.12830281430504
2410,45.82655604573062
2411,47.305590292251416
2412,46.02335544499723
2413,48.36582361040659
2414,46.382735224393066
2415,47.84782372995698
2416,46.729777292311454
2417,44.612977311157685
2418,40.83386908588711
2419,41.54462977094616
2420,43.39047378075784
2421,37.32298684745006
2422,34.297041333235484
2423,26.98532554494949
2424,27.39910313901352
2425,31.06019303028077
2426,34.12629819068003
2427,30.18092105263166
2428,30.915750915751005
2429,33.619963837628234
2430,34.42194367112761
2431,34.670289447009836
2432,33.382765094827434
2433,33.54019437647807
2434,33.755210411192664
2435,29.06973477185892
2436,28.44594130180778
2437,27.67743011171015
2438,22.956496925990336
2439,28.27622091726755
2440,34.3366297614503
2441,35.49643716957624
2442,32.46907022552733
2443,33.74337705202815
2444,41.286656519533224
2445,40.19203034553609
2446,40.2373417721519
2447,41.748920419494155
2448,44.633409685200576
2449,47.82872189250188
2450,48.624941734819274
2451,48.05817963712699
2452,46.934623574304815
2453,50.02022153818501
2454,51.26792253561549
2455,50.296807128054425
2456,46.84795609653134
2457,47.53920845331873
2458,45.15171841426119
2459,41.03953733677664
2460,39.09427947749559
2461,36.14586279671896
2462,41.93388224585213
2463,40.5655563004693
2464,47.67464947196248
2465,49.03467107666866
2466,51.00614085972037
2467,50.56162766054074
2468,54.5383292329799
2469,48.86940270126371
2470,44.3336294980009
2471,44.07025531155151
2472,49.92010148940583
2473,48.262881826596725
2474,41.21049543130191
2475,45.93182633656262
2476,44.8994766895352
2477,39.25983121334039
2478,37.562979407893906
2479,34.84521995059656
2480,39.17374024827047
2481,37.8863362125611
2482,38.50506326039973
2483,39.42815604555369
2484,37.845507094062036
2485,36.96129658744107
2486,38.10709986532071
2487,39.36868686868691
2488,42.494903793566344
2489,43.62011969572218
2490,45.355805722025586
2491,48.65528018423074
2492,40.05771062245028
2493,43.60712873606984
2494,34.58193184520779
2495,34.468382002586665
2496,38.45949799396535
2497,36.61588050575705
2498,37.43604086803441
2499,38.745381170500785
2500,41.12184648416535
2501,37.63494806473792
2502,33.33510421647277
2503,63.74640223948271
2504,56.95865846999348
2505,56.23555961528129
2506,59.60015544712637
2507,62.64771985789894
2508,62.51175576936986
2509,60.998702868689705
2510,59.571003887491415
2511,59.85845588235293
2512,60.57996950412241
2513,61.44662231548867
2514,61.32723723964598
2515,63.231876714482866
2516,61.417770499036855
2517,51.945800480193824
2518,54.11107878586371
2519,52.90378125215236
2520,52.364947778898866
2521,50.836228862636084
2522,53.73099586331654
2523,56.08057775589308
2524,56.39002068576443
2525,57.04592321845324
2526,53.119080279574106
2527,54.08485562757808
2528,54.65533796956384
2529,53.736868605955195
2530,52.339080010279204
2531,50.08901696401364
2532,51.97768680842823
2533,37.3667852356998
2534,39.60204627922193
2535,36.71491855314103
2536,37.78521510722785
2537,35.47504597219084
2538,36.5167297364075
2539,38.80720742229206
2540,39.28515028688739
2541,43.70921137846858
2542,44.62407419886423
2543,43.75264454787564
2544,41.726900480683625
2545,38.31067080695429
2546,41.028218935314555
2547,49.09488809469806
2548,44.43116723129042
2549,45.28678087382138
2550,47.60155842866714
2551,51.17160112670513
2552,50.93441771932859
2553,49.994646377487065
2554,50.86366421379016
2555,49.14056543541999
2556,53.03871330442705
2557,53.67807813167272
2558,52.367895990216894
2559,59.37531818045698
2560,59.43013350438522
2561,60.36338837741731
2562,58.684154338874485
2563,55.581189839334336
2564,57.41830557479747
2565,61.93449678454592
2566,59.299223026088335
2567,63.905108248649015
2568,64.68855358793449
2569,64.77054846777992
2570,67.25152329970152
2571,62.57960469088302
2572,61.156144033586294
2573,61.196495167305436
2574,68.00078541741662
2575,73.42212977252902
2576,71.92056187938968
2577,70.9681342738993
2578,74.35628349762005
2579,73.26787216461075
2580,68.6519397959332
2581,67.18027032571288
2582,62.118628008338106
2583,60.73314647063716
2584,59.54638148165446
2585,61.01251413076991
2586,60.2331919560064
2587,55.76339817387853
2588,57.29966552032789
2589,50.897468308714664
2590,50.225861346971136
2591,50.78512806190937
2592,47.5207795930066
2593,52.52721114816827
2594,51.625475202477574
2595,51.40267775991052
2596,50.209144301031216
2597,47.87406853518294
2598,41.845731826791166
2599,42.094395759832196
2600,32.404043187023206
2601,34.79197135961091
2602,36.15753602086664
2603,37.62676068629672
2604,35.045259560855
2605,31.821997519793896
2606,30.433156348641532
2607,28.037305199922073
2608,28.08938672016488
2609,27.50288733483076
2610,31.68081494057718
2611,31.664701165149282
2612,39.418885737670564
2613,39.073297727751246
2614,34.88050118546977
2615,33.4543152563832
2616,33.547984693447475
2617,32.82937008718315
2618,31.06234597911181
2619,36.95748823376103
2620,37.05263481475218
2621,39.18408918645779
2622,49.23245363928742
2623,51.83857472590883
2624,55.21046013223902
2625,55.43911806447709
2626,55.43166120799231
2627,55.819072063713506
2628,62.020777596330916
2629,58.03026316677123
2630,61.863141891188285
2631,62.24813766183786
2632,57.768403811405626
2633,53.92852176331527
2634,51.3370852177448
2635,52.21816821030968
2636,51.7389692250649
2637,52.16188601191219
2638,53.031919157043234
2639,58.68481452439143
2640,55.271047411006855
2641,55.596676402903164
2642,50.822028273164634
2643,50.645232327681136
2644,55.81228131758632
2645,56.647109864787986
2646,59.600092105192694
2647,63.10459131265234
2648,66.2724021703387
2649,59.8959804077609
2650,60.973187686196624
2651,59.942265681889104
2652,60.032486740635406
2653,54.341214097579325
2654,51.62881715479105
2655,53.56357283433489
2656,53.987154123992916
2657,57.14794276030124
2658,57.09437580637874
2659,59.40492939398677
2660,56.62531270740797
2661,56.060222083154464
2662,60.30014148618786
2663,61.273248112689394
2664,62.83535970615321
2665,63.69560009582367
2666,66.47011259687895
2667,65.80087994424113
2668,66.18897909085034
2669,64.1090113205822
2670,65.76486795439217
2671,64.85030080566659
2672,69.96762985181
2673,70.39058382619893
2674,66.91697439793626
2675,66.03605802761889
2676,62.31320127097603
2677,59.36491599818371
2678,56.80387689693783
2679,59.654897401930306
2680,60.528944847406564
2681,59.39102994494424
2682,52.535239687527
2683,52.844850707860026
2684,49.92842906944092
2685,46.65017477031754
2686,49.56253033027892
2687,45.53909934346394
2688,39.2185854784148
2689,40.44734184994955
2690,47.79424157303372
2691,49.001865927612975
2692,47.895596346993564
2693,46.872577868318366
2694,48.72261686450272
2695,46.4153527918255
2696,43.08560369796468
2697,41.877061316827984
2698,43.15192800139226
2699,42.674129275278744
2700,44.79284582295677
2701,48.340741095709895
2702,45.897759348537456
2703,42.99664345717817
2704,45.10502602249042
2705,48.82266950176387
2706,51.95320696649649
2707,51.9011738948153
2708,49.18395443794642
2709,51.181050369472146
2710,50.42441198786039
2711,55.084605128381206
2712,55.43257935228268
2713,57.56814620785342
2714,57.762976297629784
2715,53.51020314367129
2716,52.64534628551365
2717,52.31495394841515
2718,57.28410535987004
2719,56.05576782275379
2720,54.861848425097314
2721,55.29720290662378
2722,55.88531404606461
2723,60.97544460107479
2724,59.13381134541818
2725,60.56429472434518
2726,63.82700039750545
2727,64.68777862166888
2728,62.91142664900143
2729,62.254507461843616
2730,61.52495538541242
2731,61.47533305953638
2732,61.73385148921749
2733,63.520902110612376
2734,63.40089168087049
2735,61.35552726301062
2736,58.32629616313969
2737,61.876447944469355
2738,60.401045607759485
2739,58.3379411839766
2740,57.159288863698855
2741,49.08642989119279
2742,53.14297348195654
2743,56.40208720084289
2744,62.051953456916415
2745,63.6853064711326
2746,64.05190183400572
2747,65.17260507787496
2748,61.06619417876553
2749,62.80473902432845
2750,59.15807806945093
2751,52.5415685157861
2752,48.343922864825096
2753,46.17443676109749
2754,43.819168663578886
2755,43.17634867209646
